"1","食品","シヨクヒン"
"11","加工食品","カコウシヨクヒン"
"1101","調味料","チヨウミリヨウ"
"110101","醤油","シヨウユ"
"110103","砂糖","サトウ"
"110105","低カロリー甘味料","テイカロリーカンミリヨウ"
"110107","味噌","ミソ"
"110109","食塩","シヨクエン"
"110111","食酢","シヨクス"
"110113","合わせ酢(和風)","ワフウアワセス"
"110115","みりん風調味料","ミリンフウチヨウミリヨウ"
"110117","料理用日本酒","リヨウリヨウ ニホンシユ"
"110119","料理用ワイン","リヨウリヨウ ワイン"
"110121","風味調味料","フウミチヨウミリヨウ"
"110123","液体たし","エキタイタシ"
"110125","単一・複合調味料","タンイツ,フクコウチヨウミ"
"110129","ソース","ソース"
"110131","ケチャッフ","ケチヤツフ"
"110133","焼き肉のたれ","ヤキニクノタレ"
"110135","その他のたれ","ソノタノタレ"
"110137","マヨネース","マヨネース"
"110139","トレッシンク","トレツシンク"
"110141","香辛料(からし・わさひ以外)","コウシンリヨウ(カラシワサヒ"
"110142","からし・わさひ","カラシ,ワサヒ"
"110143","つゆ","ツユ"
"110149","中華調味料","チユウカチヨウミリヨウ"
"110197","その他調味料","ソノタチヨウミリヨウ"
"1102","食用油","シヨクヨウアフラ"
"110203","コマ油","コマアフラ"
"110205","サラタ油・天ふら油","サラタ,テンフラアフラ"
"110207","動物性油脂","トウフツセイユシ"
"110209","オリーフ油","オリーフユ"
"110211","香味油","コウミユ"
"110297","その他食用油","ソノタシヨクヨウアフラ"
"1103","スフレット類","スフレツトルイ"
"110301","ヒーナッツ・チョコクリーム","ヒーナツツ,チヨコクリーム"
"110303","シャム・マーマレート","シヤム,マーマレート"
"110397","その他スフレット類","ソノタスフレツトルイ"
"1104","乳製品","ニユウセイヒン"
"110401","ハター","ハター"
"110403","マーカリン・ファットスフレット類","マーカリン,フアツトスフ"
"110405","チース","チース"
"110407","インスタントクリームハウター","インスタントクリームハウタ"
"110409","スキムミルク","スキムミルク"
"110411","練りミルク","ネリミルク"
"110413","フレッシュクリーム","フレツシユクリーム"
"110415","ホイッフクリーム","ホイツフクリーム"
"110497","その他乳製品","ソノタニユウセイヒン"
"1105","調理品","チヨウリヒン"
"110501","インスタントカレー","インスタントカレー"
"110502","調理済みカレー","チヨウリスミカレー"
"110503","インスタントシチュー","インスタントシチユー"
"110504","調理済みシチュー","チヨウリスミシチユー"
"110505","ソースミックス","ソースミツクス"
"110507","中華料理の素","チユウカリヨウリノモト"
"110509","ませ御飯の素","マセコハンノモト"
"110511","米飯加工品","ヘイハンカコウヒン"
"110513","レンシ専用食品","レンシセンヨウシヨクヒン"
"110515","ふりかけ","フリカケ"
"110517","お茶漬の素","オチヤツケノモト"
"110597","その他調理品","ソノタチヨウリヒン"
"1106","スーフ","スーフ"
"110601","調理用スーフ","チヨウリヨウスーフ"
"110603","インスタントスーフ","インスタントスーフ"
"110605","インスタント味噌汁・吸物","インスタントミソシル,スイモ"
"110697","その他スーフ","ソノタスーフ"
"1107","冷凍食品","レイトウシヨクヒン"
"110701","冷凍水産素材","レイトウ スイサンソサイ"
"110703","冷凍畜産素材","レイトウ チクサンソサイ"
"110705","冷凍農産素材","レイトウ ノウサンソサイ"
"110707","冷凍調理","レイトウ チヨウリ"
"110721","冷凍ヒサ・クラタン類","レイトウ ヒサクラタン"
"110723","冷凍麺","レイトウ メン"
"110725","冷凍米飯加工品","レイトウ ヘイハンカコウヒ"
"110791","氷","コオリ"
"110797","その他冷凍食品","ソノタレイトウシヨクヒン"
"1108","缶詰","カンツメ"
"110801","水産缶詰(マクロ・カツオ以外)","スイサンカンツメ"
"110802","マクロ・カツオ缶詰","マクロ,カツオカンツメ"
"110803","野菜缶詰","ヤサイ カンツメ"
"110805","果実・テサート缶詰","カシツ,テサートカンツ"
"110807","畜産缶詰","チクサンカンツメ"
"110897","その他缶詰","ソノタカンツメ"
"1110","粉類","コナルイ"
"111001","小麦粉","コムキコ"
"111003","天ふら粉","テンフラコ"
"111005","ハン粉","ハンコ"
"111007","唐揚け粉類","カラアケコルイ"
"111009","片栗粉","カタクリコ"
"111011","きな粉","キナコ"
"111015","米粉","ヘイフン"
"111097","その他粉類","ソノタ コナルイ"
"1111","ホームメイキンク材料","ホームメイキンクサイリヨ"
"111101","フレミックス","フレミツクス"
"111105","蜂蜜","ハチミツ"
"111107","水飴","ミスアメ"
"111109","シロッフ","シロツフ"
"111111","生地・皮","キシ,カワ"
"111113","テサートの素","テサートノモト"
"111197","その他ホームメイキンク材料","ソノタホームメイキンクサ"
"1112","麺類","メンルイ"
"111201","インスタント袋麺","インスタントフクロメン"
"111203","カッフ麺","カツフメン"
"111205","乾麺","カンメン"
"111207","生麺・ゆて麺","ナマメン,ユテメン"
"111209","スハケッティ","スハケツテイ"
"111211","マカロニ","マカロニ"
"111297","その他麺類","ソノタメンルイ"
"1113","ハン・シリアル類","ハン,シリアルルイ"
"111301","食ハン","シヨクハン"
"111303","菓子ハン","カシハン"
"111305","調理ハン","チヨウリハン"
"111307","シリアル類","シリアルルイ"
"111397","その他ハン","ソノタハン"
"1114","穀物","コクモツ"
"111401","米","コメ"
"111405","包装餅","ホウソウモチ"
"111497","その他穀物","ソノタコクモツ"
"1115","加工肉類","カコウニクルイ"
"111501","畜肉ハム","チクニクハム"
"111503","畜肉ソーセーシ","チクニクソーセーシ"
"111505","魚肉ハム","キヨニクハム"
"111507","魚肉ソーセーシ","キヨニクソーセーシ"
"111509","焼き豚","ヤキフタ"
"111511","ヘーコン","ヘーコン"
"111597","その他加工肉類","ソノタカコウニクルイ"
"1116","練り製品","ネリセイヒン"
"111601","蒲鉾","カマホコ"
"111603","竹輪","チクワ"
"111605","はんへん","ハンヘン"
"111607","揚け物","アケモノ"
"111697","その他練り製品","ソノタネリセイヒン"
"1117","漬物・佃煮","ツケモノ,ツクタニ"
"111701","漬物","ツケモノ"
"111703","佃煮","ツクタニ"
"111705","いりぬか・漬け物の素","イリヌカ,ツケモノノモト"
"111797","その他漬物・佃煮","ソノタツケモノ,ツクタニ"
"1118","水物","ミスモノ"
"111801","豆腐","トウフ"
"111803","コンニャク","コンニヤク"
"111805","油揚け","アフラアケ"
"111807","納豆","ナツトウ"
"111897","その他水物","ソノタミスモノ"
"1119","惣菜類","ソウサイルイ"
"111901","サラタ","サラタ"
"111903","煮豆","ニマメ"
"111905","和惣菜","ワソウサイ"
"111907","中華惣菜","チユウカソウサイ"
"111909","洋惣菜","ヨウソウサイ"
"111997","その他惣菜","ソノタソウサイ"
"1120","農産乾物","ノウサンカンフツ"
"112001","コマ","コマ"
"112003","干し椎茸","ホシシイタケ"
"112005","豆類","マメルイ"
"112097","その他農産乾物","ソノタノウサンカンフツ"
"1121","加工水産","カコウスイサン"
"112101","のり","ノリ"
"112105","わかめ","ワカメ"
"112107","昆布","コンフ"
"112109","その他海藻類","ソノタカイソウルイ"
"112111","削り節・かつお節","ケスリフシ,カツオフシ"
"112113","煮干","ニホシ"
"112197","その他加工水産","ソノタカコウスイサン"
"1197","その他加工食品","ソノタカコウシヨクヒン"
"119701","農産加工品","ノウサンカコウヒン"
"119703","水産加工品","スイサンカコウヒン"
"119705","畜産加工品","チクサンカコウヒン"
"119797","その他加工食品","ソノタカコウシヨクヒン"
"12","生鮮食品","セイセンシヨクヒン"
"1201","水産","スイサン"
"120197","その他水産","ソノタスイサン"
"1202","畜産","チクサン"
"120297","その他畜産","ソノタチクサン"
"1203","農産","ノウサン"
"120397","その他農産","ソノタノウサン"
"1297","その他生鮮食品","ソノタセイセンシヨクヒン"
"129797","その他生鮮食品","ソノタセイセンシヨクヒン"
"13","菓子類","カシルイ"
"1301","菓子","カシ"
"130121","キャンティ・キャラメル","キヤンテイ,キヤラメル"
"130123","チョコレート","チヨコレート"
"130125","チューインカム","チユーインカム"
"130127","ヒスケット・クッキー","ヒスケツト,クツキー"
"130129","米菓","ヘイカ"
"130131","スナック","スナツク"
"130133","豆菓子","マメカシ"
"130135","玩具菓子","カンクカシ"
"130137","生菓子","ナマカシ"
"130139","半生菓子","ハンナマカシ"
"130141","焼菓子・油菓子","ヤキカシ,アフラカシ"
"130143","菓子セット","カシセツト"
"130198","その他菓子","ソノタカシ"
"1302","テサート・ヨークルト","テサート,ヨークルト"
"130203","テサート類","テサートルイ"
"130205","ヨークルト","ヨークルト"
"130297","その他テサート・ヨークルト","ソノタテサート,ヨーク"
"1303","珍味","チンミ"
"130301","農産珍味","ノウサンチンミ"
"130303","水産珍味","スイサンチンミ"
"130305","畜産珍味","チクサンチンミ"
"130397","その他珍味","ソノタチンミ"
"1304","アイスクリーム類","アイスクリームルイ"
"130401","フレミアムアイス","フレミアムアイス"
"130403","ファミリーアイス","フアミリーアイス"
"130497","ハーソナルアイスその他","ハーソナルアイスソノタ"
"1397","その他菓子類","ソノタカシルイ"
"139797","その他菓子類","ソノタカシルイ"
"14","飲料・酒類","インリヨウ,サケルイ"
"1401","嗜好飲料","シコウインリヨウ"
"140101","インスタントコーヒー","インスタントコーヒー"
"140103","レキュラーコーヒー","レキユラーコーヒー"
"140105","ココア","ココア"
"140107","紅茶","コウチヤ"
"140109","日本茶","ニホンチヤ"
"140111","麦茶","ムキチヤ"
"140113","中国茶","チユウコクチヤ"
"140115","その他の茶類","ソノタノチヤルイ"
"140197","その他嗜好飲料","ソノタシコウインリヨウ"
"1402","果実飲料","カシツインリヨウ"
"140201","果汁100%飲料","カシユウ100%インリヨウ"
"140203","果汁飲料","カシユウインリヨウ"
"140205","果肉飲料","カニクインリヨウ"
"140209","野菜シュース","ヤサイシユース"
"140211","トマトシュース","トマトシユース"
"140297","その他果実飲料","ソノタカシツインリヨウ"
"1403","清涼飲料","セイリヨウインリヨウ"
"140301","コーラ","コーラ"
"140305","炭酸フレーハー","タンサンフレーハー"
"140307","コーヒートリンク","コーヒートリンク"
"140309","ココアトリンク","ココアトリンク"
"140311","紅茶トリンク","コウチヤトリンク"
"140313","日本茶・麦茶トリンク","ニホンチヤ,ムキチヤトリ"
"140315","中国茶トリンク","チユウコクチヤトリンク"
"140316","その他茶トリンク","ソノタチヤトリンク"
"140317","水","ミス"
"140321","炭酸水","タンサンスイ"
"140323","スホーツトリンク","スホーツトリンク"
"140325","栄養トリンク","エイヨウトリンク"
"140327","ヒネカートリンク","ヒネカートリンク"
"140397","その他清涼飲料","ソノタセイリヨウインリヨウ"
"1404","乳飲料","ニユウインリヨウ"
"140401","牛乳","キユウニユウ"
"140403","豆乳","トウニユウ"
"140405","乳酸飲料","ニユウサンインリヨウ"
"140407","乳酸菌飲料","ニユウサンキンインリヨウ"
"140497","その他乳飲料","ソノタニユウインリヨウ"
"1406","アルコール飲料","アルコールインリヨウ"
"140601","清酒","セイシユ"
"140611","合成清酒","コウセイセイシユ"
"140621","焼酎(甲類)","シヨウチユウ(コウルイ)"
"140623","焼酎(乙類)","シヨウチユウ(オツルイ)"
"140631","みりん","ミリン"
"140641","ヒール","ヒール"
"140651","果実酒","カシツシユ"
"140653","甘味果実酒","カンミカシツシユ"
"140661","ウイスキー","ウイスキー"
"140663","フランテー","フランテー"
"140671","スヒリッツ","スヒリツツ"
"140681","リキュール類","リキユールルイ"
"140691","発泡酒","ハツホウシユ"
"140693","粉末酒","フンマツシユ"
"140695","その他雑酒","ソノタサツシユ"
"140697","その他アルコール飲料","ソノタアルコールインリヨウ"
"1407","酒類を含むセット商品","サケルイヲフクムセツトシヨウ"
"140701","酒類を含むセット商品","サケルイヲフクムセツトシヨウ"
"140797","酒類を含むセット商品一般","サケルイセツトイツハン"
"1497","その他飲料・酒類","ソノタインリヨウ,サケルイ"
"149797","その他飲料・酒類","ソノタインリヨウ,サケルイ"
"19","その他食品","ソノタシヨクヒン"
"1901","乳幼児食品","ニユウヨウシシヨクヒン"
"190101","育児用ミルク","イクシヨウミルク"
"190103","ヘヒーフート","ヘヒーフート"
"190197","その他乳幼児食品","ソノタニユウヨウシシヨクヒ"
"1902","健康食品","ケンコウシヨクヒン"
"190201","健康食品","ケンコウシヨクヒン"
"190203","妊産婦用食品","ニンサンフヨウシヨクヒン"
"190297","その他健康食品","ソノタケンコウシヨクヒン"
"1903","食品贈答品","シヨクヒンソウトウヒン"
"190301","食品贈答品","シヨクヒンソウトウヒン"
"190397","その他食品贈答品","ソノタシヨクヒンソウトウヒ"
"1997","その他食品","ソノタシヨクヒン"
"199701","たはこ","タハコ"
"199797","その他食品","ソノタシヨクヒン"
"2","日用品","ニチヨウヒン"
"21","日用雑貨","ニチヨウサツカ"
"2121","口中衛生用品","コウチユウエイセイヨウヒン"
"212101","歯磨き","ハミカキ"
"212103","歯フラシ","ハフラシ"
"212105","洗口液","センコウエキ"
"212107","口中清涼剤","コウチユウセイリヨウサイ"
"212109","テンタル用品","テンタルヨウヒン"
"212111","義歯用品","キシヨウヒン"
"212197","その他口中衛生用品","ソノタコウチユウエイセイヨウ"
"2122","石鹸類","セツケンルイ"
"212201","化粧石鹸","ケシヨウセツケン"
"212203","ハントソーフ","ハントソーフ"
"212205","ホティシャンフー・リンス","ホテイシヤンフ,リンス"
"212207","入浴剤","ニユウヨクサイ"
"212297","その他石鹸類","ソノタセツケンルイ"
"2123","衛生紙用品・用具","エイセイカミヨウヒン,ヨウク"
"212301","ティッシュヘーハー","テイツシユヘーハー"
"212303","ヘーハーハントタオル・用具","ヘーハーハントタオル,"
"212305","ウェットティッシュ","ウエツトテイツシユ"
"212307","トイレットヘーハー","トイレツトヘーハー"
"212309","京花紙・ちり紙","キヨウカシ,チリカミ"
"212311","生理用品・用具","セイリヨウヒン,ヨウク"
"212313","軽失禁用品・用具","ケイシツキンヨウヒン,ヨウク"
"212397","その他衛生紙用品・用具","ソノタエイセイカミヨウヒン,"
"2124","介護用品・用具","カイコヨウヒン,ヨウク"
"212401","大人用オムツ","オトナヨウオムツ"
"212403","大人用衛生用品","オトナヨウエイセイヨウヒン"
"212497","その他介護用品・用具","ソノタカイコヨウヒン,ヨウ"
"2125","育児用品・用具","イクシヨウヒン,ヨウク"
"212501","ヘヒー用オムツ","ヘヒーヨウオムツ"
"212505","ヘヒー用スキンケア","ヘヒーヨウスキンケア"
"212507","ヘヒー用衛生用品・用具","ヘヒーヨウエイセイヨウヒ"
"212511","ヘヒー用ヘルスケア","ヘヒーヨウヘルスケア"
"212513","授乳用品・用具","シユニユウヨウヒン,ヨウク"
"212597","その他育児用品・用具","ソノタイクシヨウヒン,ヨウ"
"2126","衛生医療用品・用具","エイセイイリヨウヨウヒン,ヨ"
"212601","綿棒","メンホウ"
"212603","包帯","ホウタイ"
"212605","カーセ","カーセ"
"212607","脱脂綿","タツシメン"
"212609","救急絆創膏","キユウキユウハンソウコウ"
"212611","固定テーフ・巻絆創膏","コテイテーフ,マキハンソ"
"212615","サホーター","サホーター"
"212617","マスク","マスク"
"212619","避妊用品","ヒニンヨウヒン"
"212621","飲薬補助用品・用具","インヤクホシヨヨウヒン,ヨ"
"212623","コンタクトレンス用剤・用具","コンタクトレンスヨウサイ"
"212625","目・鼻・耳ケア用品・用具","メ,ハナ,ミミケアヨウヒン,"
"212627","フットケア用品・用具","フツトケアヨウヒン,ヨウク"
"212629","ハサミ・ヒンセット","ハサミ,ヒンセツト"
"212631","体温計","タイオンケイ"
"212633","血圧計","ケツアツケイ"
"212635","ヘルスメーター","ヘルスメーター"
"212637","肩こり・腰痛ケア用品・用具","カタコリ,ヨウツウケアヨウヒ"
"212639","使い捨てカイロ","ツカイステカイロ"
"212641","熱冷却用品・用具","ネツレイキヤクヨウヒン,ヨウ"
"212697","その他衛生医療用品・用具","ソノタエイセイ,イリヨウヨウ"
"2127","衣料用洗剤類","イリヨウヨウセンサイルイ"
"212701","衣料用合成洗剤","イリヨウヨウコウセイセンサ"
"212703","洗濯用石鹸","センタクヨウセツケン"
"212705","ライト系洗剤","ライトケイセンサイ"
"212707","漂白剤","ヒヨウハクサイ"
"212709","柔軟剤","シユウナンサイ"
"212711","仕上け剤","シアケサイ"
"212713","衣料用処理剤","イリヨウヨウシヨリサイ"
"212715","染料","センリヨウ"
"212797","その他衣料用洗剤類","ソノタイリヨウヨウセンサイ"
"2128","台所・食器用洗剤類","タイトコロ,シヨツキヨウ"
"212801","台所用洗剤","タイトコロヨウセンサイ"
"212803","台所用クレンサー","タイトコロヨウクレンサ"
"212805","台所用漂白剤","タイトコロヨウヒヨウハク"
"212807","廃油処理剤","ハイユシヨリサイ"
"212809","台所用除菌・消臭剤","タイトコロヨウシヨキン"
"212897","その他台所・食器用洗剤類","ソノタタイトコロ,シヨツ"
"2129","住居用洗剤類","シユウキヨヨウセンサイル"
"212901","住居用洗剤","シユウキヨヨウセンサイ"
"212903","トイレ用洗剤","トイレヨウセンサイ"
"212905","ハス用洗剤","ハスヨウセンサイ"
"212907","カラス用洗剤","カラスヨウセンサイ"
"212909","畳・カーヘットクリーナー","タタミ,カーヘツトクリーナ"
"212911","ハイフ・風呂釜クリーナー","ハイフ,フロカマクリー"
"212913","カヒ防止剤・カヒ取り剤","カヒホウシサイ,カヒ"
"212915","換気扇・レンシクリーナー","カンキセン,レンシクリーナ"
"212917","使い捨て紙クリーナー類","ツカイステカミクリーナールイ"
"212919","電気製品用クリーナー","テンキセイヒンヨウクリーナ"
"212997","その他住居用洗剤類","ソノタシユウキヨヨウセンサ"
"2130","家庭用つや出し・ワックス剤","カテイヨウツヤタシ,ワツク"
"213001","住居用ワックス","シユウキヨヨウワツクス"
"213003","靴墨・靴用クリーム","クツスミ,クツヨウクリーム"
"213097","その他家庭用つや出し・ワックス剤","ソノタカテイヨウツヤタシワ"
"2131","芳香・消臭剤","ホウコウサ,シヨウシユウサ"
"213101","トイレ用芳香・消臭・防臭剤","トイレヨウホウコウ,シヨウシ"
"213103","室内用芳香・消臭・防臭剤","シツナイヨウホウコウ,シヨウ"
"213105","水洗トイレ用タンククリーナー","スイセントイレヨウタンククリ"
"213107","脱臭剤","タツシユウサイ"
"213197","その他芳香・消臭剤","ソノタホウコウ,シヨウシユウ"
"2132","防虫・除湿・乾燥剤","ホウチユウ,シヨシツ,カ"
"213201","防虫剤","ホウチユウサイ"
"213203","除湿・乾燥剤","シヨシツ,カンソウサイ"
"213297","その他防虫・除湿・乾燥剤","ソノタホウチユウ,シヨシ"
"2133","殺虫剤","サツチユウサイ"
"213301","殺虫剤","サツチユウサイ"
"213303","蚊取り線香","カトリセンコウ"
"213305","蚊取りマット・リキット","カトリマツト,リキツト"
"213307","電子蚊取り器","テンシカトリキ"
"213309","コキフリ捕獲器","コキフリホカクキ"
"213311","虫よけ剤・虫よけ器","ムシヨケサイ,ムシヨケキ"
"213397","その他殺虫剤","ソノタサツチユウサイ"
"2198","その他日用雑貨","ソノタニチヨウサツカ"
"219801","浄水剤","シヨウスイサイ"
"219897","その他日用雑貨","ソノタニチヨウサツカ"
"22","OTC医薬品類","OTCイヤクヒンルイ"
"2211","精神神経用薬","セイシンシンケイヨウヤク"
"221101","解熱鎮痛薬","ケネツチンツウヤク"
"221103","かせ薬","カセクスリ"
"221105","鎮静薬・催眠鎮静薬","チンツウヤク,サイミンチンセ"
"221107","眠気防止剤","ネムケホウシサイ"
"221109","小児鎮静薬(小児五疳薬)","シヨウニヨウチンセイヤク(シ"
"221111","睡眠改善薬","スイミンカイゼンヤク"
"221197","その他の精神神経用薬","ソノタノセイシンシンケイヨウ"
"2212","呼吸器官用薬","コキユウキカンヨウヤク"
"221201","鎮咳去たん薬","チンカイキヨタンヤク"
"221203","うかい薬","ウカイクスリ"
"221297","その他の呼吸器官用薬","ソノタノコキユウキカンヨウヤ"
"2213","循環器官用薬","シユンカンキカンヨウヤク"
"221301","強心薬","キヨウシンヤク"
"221303","高コレステロール低下薬","コウコレステロールテイカヤク"
"221305","貧血用薬","ヒンケツヨウヤク"
"221397","その他の循環器官用薬","ソノタノシユンカンキカンヨ"
"2214","消化器官用薬","シヨウカキカンヨウヤク"
"221401","胃腸薬","イチヨウヤク"
"221403","整腸薬","セイチヨウヤク"
"221405","止しゃ薬(下痢止め)","シシヤヤク(ケリトメ)"
"221407","胃腸鎮痛鎮痙薬","イチヨウチンツウチンケイヤク"
"221409","浣腸薬","カンチヨウヤク"
"221411","便秘薬","ヘンヒヤク"
"221413","駆虫薬","クチユウヤク"
"221497","その他の消化器官用薬","ソノタノシヨウカキカンヨウヤ"
"2215","アレルキー用薬","アレルキーヨウヤク"
"221501","内服アレルキー用薬","ナイフクアレルキーヨウヤク"
"221597","その他のアレルキー用薬","ソノタノアレルキーヨウヤク"
"2216","感覚器官用薬","カンカクキカンヨウヤク"
"221601","目薬","メクスリ"
"221603","鼻炎用薬","ヒエンヨウヤク"
"221605","乗物酔い薬","ノリモノヨイヤク"
"221697","その他の感覚器官用薬","ソノタノカンカクキカンヨウヤ"
"2217","歯科口腔用薬","シカコウクウウヨウヤク"
"221701","口腔咽喉薬","コウクウインコウヤク"
"221703","口内炎用薬","コウナイエンヨウヤク"
"221705","歯痛・歯槽膿漏薬","ハイタ,シソウノウロウヤク"
"221797","その他の歯科口腔用薬","ソノタノシカコウクウヨウヤク"
"2218","肛門用薬","コウモンヨウヤク"
"221801","痔疾用薬","シシツヨウヤク"
"221897","その他の肛門用薬","ソノタノコウモンヨウヤク"
"2219","外皮用薬","カイヒヨウヤク"
"221901","外用殺菌消毒薬","カイヨウサツキンシヨウト"
"221903","化膿性皮膚疾患用薬","カノウセイヒフシツカンヨウヤ"
"221905","にきひ治療薬","ニキヒチリヨウヤク"
"221907","外用鎮痛・消炎薬(貼付・塗布薬)","カイヨウチンツウ,シヨウエ"
"221909","外用湿疹・皮膚炎用薬","カイヨウシツシン,ヒフエン"
"221911","かゆみ・虫さされ用薬","カユミ,ムシササレヨウヤク"
"221913","しもやけ・あかきれ用薬","シモヤケ,アカキレヨウヤク"
"221915","水虫・たむし用薬","ミスムシ,タムシヨウヤク"
"221917","皮膚軟化薬(乾燥性皮膚用薬)","ヒフナンカヤク(カンソウセイ"
"221919","うおのめ・たこ・いほ用薬","ウオノメ,タコ,イホヨウヤ"
"221921","発毛・養毛薬","ハツモウ,ヨウモウヤク"
"221923","シラミ駆除用薬","シラミクシヨヨウヤク"
"221925","絆創膏","ハンソウコウ"
"221997","その他の外皮用薬","ソノタノヒフヨウヤク"
"2220","女性用薬","シヨセイヨウヤク"
"222001","女性用保健薬","シヨセイヨウホケンヤク"
"222003","避妊薬","ヒニンヤク"
"222005","膣カンジタ用薬","ヒニンヤク"
"222097","その他の女性用薬","ソノタノシヨセイヨウヤク"
"2221","トリンク剤","トリンクサイ"
"222101","トリンク剤","トリンクサイ"
"222103","ミニトリンク剤","ミニトリンクサイ"
"222197","その他のトリンク剤","ソノタノトリンクサイ"
"2222","ヒタミン主薬製剤","ヒタミンシユヤクセイサイ"
"222201","ヒタミンA主薬製剤","ヒタミンAシユヤクセイサ"
"222203","ヒタミンD主薬製剤","ヒタミンDシユヤクセイサ"
"222205","ヒタミンE主薬製剤","ヒタミンEシユヤクセイサ"
"222207","ヒタミンB1主薬製剤","ヒタミンB1シユヤクセイサ"
"222209","ヒタミンB2主薬製剤","ヒタミンB2シユヤクセイサ"
"222211","ヒタミンB6主薬製剤","ヒタミンB6シユヤクセイサ"
"222213","ヒタミンB12主薬製剤","ヒタミンB12シユヤクセイ"
"222215","ヒタミンC主薬製剤","ヒタミンCシユヤクセイサ"
"222217","ヒタミンAD主薬製剤","ヒタミンADシユヤクセイサ"
"222219","ヒタミンB2B6主薬製剤","ヒタミンB2B6シユヤクセ"
"222221","ヒタミンEC主薬製剤","ヒタミンECシユヤクセイサ"
"222223","ヒタミンB1B6B12主薬製剤","ヒタミンB1B6B12シユ"
"222297","その他のヒタミン主薬製剤","ソノタノヒタンミンシユヤク"
"2223","ヒタミン含有保健薬","ヒタミンカンユウホケンヤ"
"222301","ヒタミン含有保健薬","ヒタミンカンユウホケンヤ"
"222397","その他のヒタミン含有保健薬","ソノタノヒタミンカンユウ"
"2224","その他の保健薬","ソノタノホケンヤク"
"222401","カルシウム主薬製剤","カルシウムシユヤクセイサイ"
"222403","生薬主薬保健薬","シヨウヤクシユヤクホケンヤク"
"222405","薬用酒","ヤクヨウシユ"
"222497","その他の保健薬","ソノタノホケンヤク"
"2225","禁煙補助薬","キンエンホシヨヤク"
"222501","禁煙補助薬","キンエンホシヨヤク"
"2226","漢方薬・生薬製剤","カンホウヤク,シヨウヤクセ"
"222601","漢方薬1(あ行)","カンホウヤク1(アキヨウ"
"222602","漢方薬2(か行)","カンホウヤク2(カキヨウ"
"222603","漢方薬3(さ行)","カンホウヤク3(サキヨウ"
"222604","漢方薬4(た行)","カンホウヤク4(タキヨウ"
"222605","漢方薬5(な行)","カンホウヤク5(ナキヨウ"
"222606","漢方薬6(は行)","カンホウヤク6(ハキヨウ"
"222607","漢方薬7(ま行)","カンホウヤク7(マキヨウ"
"222608","漢方薬8(や~ら行)","カンホウヤク8(ヤキヨウ"
"222609","生薬製剤","シヨウヤクセイサイ"
"222697","その他の漢方薬・生薬製剤","ソノタノカンホウヤク,シヨ"
"2227","公衆衛生用薬","コウシユウエイセイヨウヤク"
"222701","殺虫薬","サツチユウヤク"
"222703","虫よけ薬","ムシヨケヤク"
"222797","その他の公衆衛生用薬","ソノタノコウシユウエイセイヨ"
"2228","一般用検査薬","イツハンヨウケンサヤク"
"222801","一般用検査薬","イツハンヨウケンサヤク"
"2239","その他のOTC医薬品","ソノタノOTCイヤクヒン"
"223997","その他のOTC医薬品","ソノタノOTCイヤクヒン"
"2241","かせ関連(指定医薬部外品)","カセカンレン(シテイイヤク"
"224101","鼻つまり改善(指定医薬部外品)","ハナツマリカイセン(シテ"
"224103","のと清涼(指定医薬部外品)","ノトセイリヨウ(シテイイヤ"
"224105","うかい(指定医薬部外品)","ウカイ(シテイイヤクフカ"
"2242","胃腸関連(指定医薬部外品)","イチヨウカンレン(シテイイヤ"
"224201","健胃・消化(指定医薬部外品)","ケンイ,シヨウカ(シテイイヤ"
"224203","整腸(指定医薬部外品)","セイチヨウ(シテイイヤクフ"
"224205","便秘(指定医薬部外品)","ヘンヒ(シテイイヤクフ"
"2243","目・鼻・口・のと関連(指定医薬部外品)","メ,ハナ,クチ,ノトカンレ"
"224301","コンタクトレンス装着(指定医薬部外品)","コンタクトレンスソウチヤク"
"224303","いひき防止(指定医薬部外品)","イヒキホウシ(シテイイヤ"
"224305","口・のと(指定医薬部外品)","クチ,ノト(シテイイヤクフ"
"2244","皮ふ関連(指定医薬部外品)","ヒフカンレン(シテイイヤクフ"
"224401","殺菌消毒(指定医薬部外品)","サツキンシヨウトク(シテイ"
"224403","あせも・たたれ(指定医薬部外品)","アセモ,タタレ(シテイイヤ"
"224405","ひひ・しもやけ・あかきれ(指定医薬部外品","ヒヒ,シモヤケ,アカキレ"
"224407","かさつき・あれ(指定医薬部外品)","カサツキ,アレ(シテイイヤク"
"224409","うおのめ・たこ(指定医薬部外品)","ウオノメ,タコ(シテイイヤク"
"2245","滋養強壮関連(指定医薬部外品)","シヨウキヨウソウカンレン("
"224501","トリンク剤(指定医薬部外品)","トリンクサイ(シテイイヤ"
"224503","ミニトリンク剤(指定医薬部外品)","ミニトリンクサイ(シテイ"
"224505","ヒタミンE(指定医薬部外品)","ヒタミンE(シテイイヤクフ"
"224507","ヒタミンC(指定医薬部外品)","ヒタミンC(シテイイヤクフ"
"224509","ヒタミンEC(指定医薬部外品)","ヒタミンEC(シテイイヤク"
"224511","ヒタミン含有の滋養強壮(指定医薬部外品)","ヒタミンカンユウノシヨ"
"224513","カルシウム(指定医薬部外品)","カルシウム(シテイイヤクフ"
"224515","生薬主薬保健薬(指定医薬部外品)","シヨウヤクシユヤクホケン(シ"
"2261","処方せん医薬品","シヨホウセンイヤクヒン"
"226101","処方せん医薬品","シヨホウセンイヤクヒン"
"2262","処方せん医薬品以外の医療用医薬品","シヨホウセンイヤクヒンイカ"
"226201","処方せん医薬品以外の医療用医薬品","シヨホウセンイヤクヒンイカ"
"2263","局方品","キヨクホウヒン"
"226301","局方品","キヨクホウヒン"
"2298","その他の医薬品","ソノタノイヤクヒン"
"229897","その他の医薬品","ソノタノイヤクヒン"
"23","化粧品","ケシヨウヒン"
"2321","基礎化粧品","キソケシヨウヒン"
"232101","マッサーシ・コールトクリーム","マツサーシ,コールトクリ"
"232103","メイク落とし","メイクオトシ"
"232105","洗顔料","センカンリヨウ"
"232107","化粧水","ケシヨウスイ"
"232109","乳液","ニユウエキ"
"232111","美容液","ヒヨウエキ"
"232113","ハック","ハツク"
"232115","フェイスクリーム","フエイスクリーム"
"232197","その他基礎化粧品","ソノタキソケシヨウヒン"
"2322","メイクアッフ化粧品","メイクアツフケシヨウヒン"
"232201","化粧下地","ケシヨウシタシ"
"232203","コンシーラ","コンシーラ"
"232205","ファンテーション","フアンテーシヨン"
"232207","フェイスハウター","フエイスハウター"
"232209","アイカラー","アイカラー"
"232211","アイライナー","アイライナー"
"232213","マスカラ","マスカラ"
"232215","アイフロウ","アイフロウ"
"232217","チークカラー","チークカラー"
"232219","リッフカラー","リツフカラー"
"232221","ネイルカラー","ネイルカラー"
"232297","その他メイクアッフ化粧品","ソノタメイクアツフケシヨウ"
"2323","ホティケア化粧品","ホテイケアケシヨウヒン"
"232301","ホティローション・クリーム","ホテイローシヨン,クリー"
"232303","リッフクリーム","リツフクリーム"
"232305","ハントクリーム","ハントクリーム"
"232307","UVケア","UVケア"
"232309","むた毛処理剤","ムタケシヨリサイ"
"232311","レック・フットケア","レツク,フツトケア"
"232313","制汗防臭剤","セイカンホウシユウサイ"
"232397","その他ホティケア化粧品","ソノタホテイケアケシヨウ"
"2324","フレクランス","フレクランス"
"232401","香水","コウスイ"
"232403","トワレ","トワレ"
"232405","コロン","コロン"
"232497","その他フレクランス","ソノタフレクランス"
"2325","インハスヘアケア","インハスヘアケア"
"232501","シャンフー","シヤンフー"
"232503","ヘアリンス・コンティショナー","ヘアリンス,コンテシヨナー"
"232505","ヘアトリートメント・ハック","ヘアートリートメント,ハツ"
"232597","その他インハスヘアケア","ソノタインハスヘアケア"
"2326","ヘアメイク","ヘアメイク"
"232605","フロー・スタイリンク剤","フロー,スタイリンクサ"
"232607","ヘアスフレー・ヘアクロス","ヘアスフレー,ヘアクロス"
"232609","女性用ヘアトニック","シヨセイヨウヘアートニツク"
"232611","女性用育毛・養毛剤","シヨセイヨウイクモウ,ヨウ"
"232613","ハーマ剤","ハーマサイ"
"232697","その他ヘアメイク","ソノタヘアメイク"
"2327","ヘアカラー","ヘアカラー"
"232701","黒髪用カラーリンク剤","クロカミヨウカラーリンクサ"
"232703","白髪用カラーリンク剤","シラカヨウカラーリンクサ"
"232797","その他ヘアカラー","ソノタヘアカラー"
"2328","男性化粧品","タンセイケシヨウヒン"
"232801","フレシェーフ・シェーヒンク剤","フレシエーフ,シエーヒ"
"232803","男性用洗顔料・ハック","タンセイヨウセンカンリヨ"
"232805","男性用スキンローション","タンセイヨウスキンローシヨ"
"232807","男性用スキンクリーム・ミルク","タンセイヨスキンクリーム,"
"232809","男性用メイクアッフ","タンセイヨウメイクアツフ"
"232811","男性用ヘアトニック","タンセイヨウヘアートニツク"
"232813","男性用育毛・養毛剤","タンセイヨウイクモウ,モウ"
"232815","男性用フロー・スタイリンク剤","タンセイヨウフロー,スタ"
"232817","男性用ヘアスフレー・ヘアクロス","タンセイヨウヘアースフレ"
"232821","男性黒髪用カラーリンク剤","タンセイヨウクロカミヨウカ"
"232823","男性白髪用カラーリンク剤","タンセイシラカヨウカラー"
"232825","男性用制汗防臭剤","タンセイヨウセイカンホウ"
"232827","男性用フレクランス","タンセイヨウフレクランス"
"232897","その他男性化粧品","ソノタタンセイケシヨウヒン"
"2329","化粧小物","ケシヨウコモノ"
"232901","カミソリ","カミソリ"
"232903","ヘア用化粧用具","ヘアヨウケシヨウヨウク"
"232905","フェイス用化粧用具","フエイスヨウケシヨウヨウク"
"232907","ネイル用化粧用具","ネイルヨウケシヨウヨウク"
"232909","ホティ用化粧用具","ホテイヨウケシヨウヨウク"
"232997","その他化粧小物","ソノタケシヨウコモノ"
"2398","その他化粧品","ソノタケシヨウヒン"
"239897","その他化粧品","ソノタケシヨウヒン"
"24","家庭用品","カテイヨウヒン"
"2401","食品包装","シヨクヒンホウソウ"
"240101","ラッヒンクフィルム","ラツヒンクフイルム"
"240103","アルミホイル","アルミホイル"
"240197","その他食品包装","ソノタシヨクヒンホウソウ"
"2402","掃除用品","ソウシヨウヒン"
"240201","コミ袋","コミフクロ"
"240203","ほうき・はたき類","ホウキ,ハタキルイ"
"240205","ちり取り","チリトリ"
"240207","掃除用フラシ","ソウシヨウフラシ"
"240209","モッフ・雑巾","モツフ,ソウキン"
"240211","ハケツ・ヘール","ハケツ,ヘール"
"240213","屑入れ","クスイレ"
"240297","その他掃除用品","ソノタソウシヨウヒン"
"2403","洗濯・物干し用品","センタク,モノホシヨウヒン"
"240301","洗濯用品","センタクヨウヒン"
"240303","物干し用品","モノホシヨウヒン"
"240305","洗濯仕上け用品","センタクシアケヨウヒン"
"240397","その他洗濯・物干し用品","ソノタセンタク,モノホシヨウ"
"2404","台所用品","タイトコロヨウヒン"
"240401","カスマット類","カスマツトルイ"
"240403","ふきん・鍋つかみ類","フキン,ナヘツカミルイ"
"240405","たわし・スホンシ","タワシ,スホンシ"
"240407","ヘーハーフィルター","ヘーハーフイルター"
"240409","缶切り・栓抜き類","カンキリ,センヌキルイ"
"240411","流し用品","ナカシヨウヒン"
"240413","キッチンヘーハー","キツチンヘーハー"
"240497","その他台所用品","ソノタタイトコロヨウヒン"
"2405","浴室・トイレ用品","ヨクシツ,トイレヨウヒン"
"240501","浴室用品","ヨクシツヨウヒン"
"240503","洗面用品","センメンヨウヒン"
"240505","身体洗い用品","カラタアライヨウヒン"
"240507","トイレ用品","トイレヨウヒン"
"240597","その他浴室・トイレ用品","ソノタヨクシツ,トイレヨウヒ"
"2406","食卓用品","シヨクタクヨウヒン"
"240601","食品調味料容器","シヨクヒンチヨウミリヨウヨウ"
"240603","卓上小物","タクシヨウコモノ"
"240605","箸","ハシ"
"240607","ナイフ・フォーク・スフーン","ナイフ,フオーク,スフーン"
"240609","碗","ワン"
"240611","皿","サラ"
"240613","鉢・丼","ハチ,トン"
"240615","コッフ・クラス","コツフ,クラス"
"240617","湯呑・急須","ユノミ,キユウス"
"240619","土瓶・鉄瓶","トヒン,テツヒン"
"240621","徳利・盃","トツクリ,サカスキ"
"240623","簡易食器","カンイシヨツキ"
"240625","弁当箱・ウェア","ヘントウハコ,ウエア"
"240627","魔法瓶・シャー","マホウヒン,シヤー"
"240697","その他食卓用品","ソノタシヨクタクヨウヒン"
"2407","調理用品","チヨウリヨウヒン"
"240701","鍋・釜類","ナヘ,カマルイ"
"240703","やかん類","ヤカン,ホツトルイ"
"240705","フライハン類","フライハンルイ"
"240707","調理器物","チヨウリキフツ"
"240709","製菓用品","セイカヨウヒン"
"240797","その他調理器具","ソノタチヨウリキク"
"2408","リヒンク用品","リヒンクヨウヒン"
"240801","シート類","シートルイ"
"240803","壁紙・障子紙","カヘカミ,シヨウシカ"
"240805","ハンカーホート・フック","ハンカーホート,フツク"
"240807","ハンカー","ハンカー"
"240809","リヒンク用テーフ類","リヒンクヨウテーフルイ"
"240811","簡易収納ケース","カンイシユウノウケース"
"240813","テーフルクロス","テーフルクロス"
"240897","その他リヒンク用品","ソノタリヒンクヨウヒン"
"2497","その他家庭用品","ソノタカテイヨウヒン"
"249701","線香","センコウ"
"249703","ローソク","ローソク"
"249705","かいろ・湯たんほ","カイロ,ユタンホ"
"249707","マッチ","マツチ"
"249709","ライター","ライター"
"249711","喫煙用具","キツエンヨウク"
"249713","荷造り用品","ニツクリヨウヒン"
"249715","家庭用手袋","カテイヨウテフクロ"
"249717","裁縫・手芸用品","サイホウ,シユケイヨウヒン"
"249719","靴関連用品","クツカンレンヨウヒン"
"249797","その他家庭用品","ソノタカテイヨウヒン"
"25","DIY用品","DIYヨウヒン"
"2501","建築・塗装用具","ケンチク,トソウヨウク"
"250101","大工用品","タイクヨウヒン"
"250103","電動工具","テントウコウク"
"250105","塗装用具","トソウヨウク"
"250197","その他建築・塗装用具","ソノタ ケンチク,トソウヨウ"
"2502","建築・塗装材料","ケンチク,トソウサイリヨウ"
"250201","建築・金具","ケンチクカナク"
"250203","木材","モクサイ"
"250205","基礎材","キソサイ"
"250207","塗装材料","トソウサイリヨウ"
"250209","接着剤","セツチヤクサイ"
"250211","補修用品","ホシユウヨウヒン"
"250297","その他建築・塗装材料","ソノタケンチク,トソウサイ"
"2503","カス・水道部品","カス,スイトウフヒン"
"250301","カス部品","カスフヒン"
"250303","水道部品","スイトウフヒン"
"250397","その他カス・水道部品","ソノタカス,スイトウフ"
"2504","園芸用品","エンケイヨウヒン"
"250401","園芸用殺虫剤","エンケイヨウサツチユウサ"
"250403","肥料","ヒリヨウ"
"250405","用土","ヨウト"
"250407","種・球根類","タネ,キユウコンルイ"
"250409","鉢・フラワースタント類","ハチ,フラワースタントルイ"
"250411","園芸用具","エンケイヨウク"
"250413","生花用品","イケハナヨウヒン"
"250497","その他園芸用品","ソノタエンケイヨウヒン"
"2597","その他DIY用品","ソノタDIYヨウヒン"
"259797","その他DIY用品","ソノタDIYヨウヒン"
"26","ヘット用品","ヘツトヨウヒン"
"2621","犬","イヌ"
"262101","犬フート","イヌフート"
"262103","犬用品・用具","イヌヨウヒン,ヨウク"
"262105","犬用医薬品","イヌヨウイヤクヒン"
"262107","犬生体","イヌセイタイ"
"262197","その他犬関連品","ソノタイヌカンレンヒン"
"2622","猫","ネコ"
"262201","猫フート","ネコフート"
"262203","猫用品・用具","ネコヨウヒン,ヨウク"
"262205","猫用医薬品","ネコイヤクヒン"
"262207","猫生体","ネコセイタイ"
"262297","その他猫関連品","ソノタネコカンレンヒン"
"2623","観賞魚","カンシヨウキヨ"
"262301","観賞魚フート","カンシヨウキヨフート"
"262303","観賞魚用品・用具","カンシヨウキヨヨウヒン,ヨ"
"262305","観賞魚医薬品","カンシヨウキヨイヤクヒン"
"262307","観賞魚生体","カンシヨウキヨセイタイ"
"262397","その他観賞魚関連品","ソノタカンシヨウキヨカンレ"
"2624","小鳥","コトリ"
"262401","小鳥フート","コトリフート"
"262403","小鳥用品・用具","コトリヨウヒン,ヨウク"
"262405","小鳥医薬品","コトリイヤクヒン"
"262407","小鳥生体","コトリセイタイ"
"262497","その他小鳥関連品","ソノタコトリカンレンヒン"
"2625","小動物","シヨウトウフツ"
"262501","小動物フート","シヨウトウフツフート"
"262503","小動物用品・用具","シヨウトウフツヨウヒン,"
"262505","小動物用医薬品","シヨウトウフツイヤクヒン"
"262507","小動物生体","シヨウトウフツセイタイ"
"262597","その他小動物関連品","ソノタシヨウトウフツカン"
"2626","昆虫","コンチユウ"
"262601","昆虫フート","コンチユウフート"
"262603","昆虫用品・用具","コンチユウヨウヒン,ヨウク"
"262605","昆虫用医薬品","コンチユウイヤクヒン"
"262607","昆虫生体","コンチユウセイタイ"
"262697","その他昆虫関連品","ソノタコンチユウカンレンヒン"
"2627","爬虫類・両生類","ハチユウルイ,リヨウセイルイ"
"262701","爬虫類・両生類フート","ハチユウルイ,リヨウセイルイ"
"262703","爬虫類・両生類用品・用具","ハチユウルイ,リヨウセイルイ"
"262705","爬虫類・両生類医薬品","ハチユウルイ,リヨウセイルイ"
"262707","爬虫類・両生類生体","ハチユウルイ,リヨウセイルイ"
"262797","その他爬虫類・両生類関連品","ソノタハチユウルイ,リヨウセ"
"2698","その他のヘット","ソノタノヘツト"
"269801","その他ヘットフート","ソノタヘツトフート"
"269803","その他ヘット用品・用具","ソノタヘツトヨウヒン,ヨウ"
"269805","その他ヘット医薬品","ソノタヘツトイヤクヒン"
"269807","その他ヘット生体","ソノタヘツトセイタイ"
"269897","その他ヘット関連品","ソノタヘツトカンレンヒン"
"29","その他日用品","ソノタニチヨウヒン"
"2901","日用贈答品","ニチヨウソウトウヒン"
"290101","日用贈答品","ニチヨウソウトウヒン"
"290197","その他日用贈答品","ソノタニチヨウソウトウヒン"
"2903","フィルム","フイルム"
"290301","写真用フィルム","シヤシンヨウフイルム"
"290303","8ミリフィルム","8ミリフイルム"
"290397","その他フィルム","ソノタフイルム"
"2904","オーティオ・ヒテオテーフ","オーテイオ,ヒテオテー"
"290401","カセットテーフ","カセツトテーフ"
"290403","オーフンリールテーフ","オーフンリールテーフ"
"290405","ヒテオテーフ","ヒテオテーフ"
"290497","その他オーティオ・ヒテオテーフ","ソノタオーテイオ,ヒテ"
"290499","オーティオ・ヒテオテーフ","オーテイオ,ヒテオテー"
"2997","その他日用品","ソノタニチヨウヒン"
"299797","その他日用品","ソノタニチヨウヒン"
"3","文化用品","フンカヨウヒン"
"31","文具・事務用品・情報文具","フンク,シムヨウヒン"
"3101","情報整理用品","シヨウホウセイリヨウヒン"
"310101","OAスタント","OAスタント"
"310103","カートケース・ホックス","カートケース,ホツクス"
"310197","情報整理用品一般","シヨウホウセイリヨウヒンイ"
"3102","ファイル・ハインター","フアイル,ハインター"
"310201","ファイル","フアイル"
"310203","ホックスファイル","ホツクスフアイル"
"310205","フォルター","フオルター"
"310207","用箋挟み","ヨウセンハサミ"
"310209","ハインター","ハインター"
"310297","ファイル・ハインター、一般","フアイル,ハインター,イ"
"3103","事務用品","シムヨウヒン"
"310301","印章・印字用品","インシヨウ,インシヨウヒン"
"310303","ファスナー","フアスナー"
"310305","クリッフ","クリツフ"
"310307","画鋲・ヒン","カヒヨウ,ヒン"
"310309","コムハント","コムハント"
"310311","カッターナイフ","カツターナイフ"
"310313","はさみ","ハサミ"
"310315","粘着テーフ","ネンチヤクテーフ"
"310317","糊つきメモ","ノリツキメモ"
"310319","接着剤","セツチヤクサイ"
"310397","事務用品一般","シムヨウヒンイツハン"
"3104","筆記用具","ヒツキヨウク"
"310401","鉛筆","エンヒツ"
"310403","シャーフヘンシル","シヤーフヘンシル"
"310405","ホールヘン","ホールヘン"
"310407","マーキンクヘン","マーキンクヘン"
"310409","万年筆","マンネンヒツ"
"310411","消しコム","ケシコム"
"310413","修正液","シユウセイエキ"
"310415","筆ヘン","フテヘン"
"310497","筆記用具一般","ヒツキヨウクイツハン"
"3105","紙製品","カミセイヒン"
"310501","ノート","ノート"
"310503","手帳","テチヨウ"
"310505","カート","カート"
"310507","便箋","ヒンセン"
"310509","封筒","フウトウ"
"310511","保存袋、手提袋","ホソンフクロ,テサケフク"
"310513","事務用紙製品","シムヨウカミセイヒン"
"310515","届け出用紙","トトケテヨウシ"
"310597","紙製品一般","カミセイヒンイツハン"
"3106","日用紙製品","ニチヨウカミセイヒン"
"310601","アルハム","アルハム"
"310603","礼式用品","レイシキヨウヒン"
"310605","一般紙製品","イツハンカミセイヒン"
"310607","輸入紙製品","ユニユウカミセイヒン"
"310609","はかき","ハカキ"
"310611","和本","ワホン"
"310613","包装用品","ホウソウヨウヒン"
"310697","日用紙製品一般","ニチヨウカミセイヒンイツハ"
"3107","教育関連用品","キヨウイクカンレンヨウヒン"
"310701","絵画用品","カイカヨウヒン"
"310703","書道用品","シヨトウヨウヒン"
"310705","彫刻用品","チヨウコクヨウヒン"
"310707","そろはん","ソロハン"
"310709","鉛筆削り","エンヒツケスリ"
"310711","筆入れ","フテイレ"
"310713","定規・コンハス","シヨウキ,コンハス"
"310715","学童用品・教材教具","カクトウヨウヒン,キヨウ"
"310717","地球儀類","チキユウキルイ"
"310719","光学用品","コウカクヨウヒン"
"310797","教育関連用品一般","キヨウイクカンレンヨウヒンイ"
"3108","電子文具","テンシフンク"
"310801","電卓","テンタク"
"310803","電子手帳","テンシテチヨウ"
"310805","電子黒板","テンシコクハン"
"310897","電子文具一般","テンシフンクイツハン"
"3109","事務用機器","シムヨウキキ"
"310901","チェックライター","チエツクライター"
"310903","ハンチ","ハンチ"
"310905","ホチキス","ホチキス"
"310907","裁断器","サイタンキ"
"310997","事務用機器一般","シムヨウキキイツハン"
"3110","事務機械","シムキカイ"
"311001","ワートフロセッサ","ワートフロセツサ"
"311003","複写機","フクシヤキ"
"311005","タイムレコーター","タイムレコーター"
"311007","ファクシミリ・電話","フアクシミリ,テンワ"
"311009","レシスター","レシスター"
"311011","ハソコン","ハソコン"
"311013","印刷機","インサツキ"
"311015","シュレッター","シユレツター"
"311017","ラミネーター","ラミネーター"
"311019","オーハーヘットフロシェクター","オーハーヘツトフロシ"
"311021","製本機","セイホンキ"
"311097","事務機械一般","シムキカイイツハン"
"3111","OAサフライス","OAサフライス"
"311101","テータファイル・ハインター","テータフアイル,ハインタ"
"311103","フロッヒーティスク","フロツヒーテイスク"
"311105","OA用紙","OAヨウシ"
"311107","OAリホン","OAリホン"
"311109","ラミネート用品","ラミネートヨウヒン"
"311111","OHP用品","OHPヨウヒン"
"311197","OAサフライス一般","OAサフライスイツハン"
"3112","設計製図用品","セツケイセイスヨウヒン"
"311201","製図機械","セイスキカイ"
"311203","製図ヘン","セイスヘン"
"311205","製図用定規・コンハス","セイスヨウシヨウキ.コ"
"311297","設計製図用品一般","セツケイセイスヨウヒンイツ"
"3113","テサイン画材用品","テサインカサイヨウヒ"
"311301","レタリンクシート","レタリンクシート"
"311397","テサイン画材用品一般","テサインカサイヨウヒ"
"3115","オフィス家具","オフイスカク"
"311501","机・テーフル","ツクエ.テーフル"
"311503","椅子","イス"
"311505","収納家具・ロッカー","シユウノウカク,ロツカー"
"311507","金庫","キンコ"
"311509","物品棚","フツヒンタナ"
"311511","オフィスアクセサリー","オフイスアクセサリー"
"311513","黒板・ホワイトホート","コクハン,ホワイトホート"
"311515","応接セット","オウセツセツト"
"311597","オフィス家具一般","オフイスカクイツハン"
"3116","携帯文具","ケイタイフンク"
"311601","袋ものカハン","フクロモノカハン"
"311603","ハスケース","ハスケース"
"311605","名刺入れ","メイシイレ"
"311697","携帯文具一般","ケイタイフンクイツハン"
"3117","文具、事務用品贈答品","フンク,シムヨウヒンソ"
"311797","文具、事務用品贈答品一般","フンク,シムヨウヒンソ"
"3118","文具関連電気用品","フンクカンレンテンキヨ"
"311801","電池","テンチ"
"311803","カセット","カセツト"
"311805","ヒテオテーフ","ヒテオテーフ"
"311897","文具関連電気用品一般","フンクカンレンテンキヨ"
"3197","一般文具・事務用品・情報文具","フンク,シムヨウヒン"
"319797","その他一般文具・事務用品・情報文具","フンク,シムヨウヒン"
"32","玩具","カンク"
"3201","一般ケーム","イツハンケーム"
"320101","盤ケーム","ハンケーム"
"320103","アクションケーム","アクシヨンケーム"
"320105","ミニケーム","ミニケーム"
"320107","ショークケーム","シヨークケーム"
"320111","シミュレーションケーム","シミユレーシヨンケーム"
"320113","カートケーム","カートケーム"
"320115","古典ケーム","コテンケーム"
"320117","手品","テシナ"
"320119","ショークトーイ","シヨークトーイ"
"320121","その他アタルトケーム","ソノタアタルトケーム"
"320197","一般ケームその他","イツハンケームソノタ"
"3202","ハスル","ハスル"
"320201","ハスル","ハスル"
"320203","シクソーハスル","シクソーハスル"
"320297","その他ハスル","ソノタハスル"
"3203","電子ケーム","テンシケーム"
"320301","電子ケーム","テンシケーム"
"320397","電子ケームその他","テンシケームソノタ"
"3204","テレヒケーム・ハソコン","テレヒケーム.ハソコン"
"320401","テレヒケーム・ハソコン本体","テレヒケーム.ハソコン"
"320403","テレヒケーム・ハソコンソフト","テレヒケーム.ハソコン"
"320497","その他テレヒケーム・ハソコン","ソノタテレヒケーム.ハ"
"3205","男児キャラクター","タンシキヤラクター"
"320501","オリシナル男児キャラクター","オリシナルタンシキヤラ"
"320503","マスコミ男児キャラクター","マスコミタンシキヤラクタ"
"320597","その他男児キャラクター","ソノタタンシキヤラクター"
"3206","アクショントーイ","アクシヨントーイ"
"320601","フリクションアクショントーイ","フリクシヨンアクシヨントーイ"
"320603","ハッテリーアクショントーイ","ハツテリーアクシヨントーイ"
"320605","センマイアクショントーイ","センマイアクシヨントーイ"
"320697","その他アクショントーイ","ソノタアクシヨントーイ"
"3207","ミニカー","ミニカー"
"320701","ミニカー","ミニカー"
"320703","ミニカー用品","ミニカーヨウヒン"
"320705","アクションミニカー","アクシヨンミニカー"
"320797","その他ミニカー","ソノタミニカー"
"3208","レールトーイ","レールトーイ"
"320801","レールトーイ","レールトーイ"
"320897","その他レールトーイ","ソノタレールトーイ"
"3209","コントロール・サイエンストーイ","コントロール.サイエンストー"
"320901","トイラシオコントロール","トイラシオコントロール"
"320903","リモートコントロール","リモートコントロール"
"320905","レーシンク","レーシンク"
"320909","ハイテックロホ","ハイテツクロホ"
"320911","サイエンスホヒー","サイエンスホヒー"
"320997","その他コントロール・サイエンストーイ","ソノタコントロール.サイエン"
"3210","きせかえ","キセカエ"
"321001","人形","ニンキヨウ"
"321003","ハウス・家具","ハウス.カク"
"321005","きせかえ用品","キセカエヨウヒン"
"321097","その他 きせかえ","ソノタ キセカエ"
"3211","ままこと","ママコト"
"321101","ままこと","ママコト"
"321197","その他 ままこと","ソノタ ママコト"
"3212","女児ホヒー","シヨシホヒー"
"321201","女児ホヒー","シヨシホヒー"
"321203","女児コレクションホヒー","シヨシコレクシヨンホヒ"
"321207","音楽","オンカク"
"321297","その他女児ホヒー","ソノタシヨシホヒー"
"3213","トイトール","トイトール"
"321301","抱き人形","タキニンキヨウ"
"321303","アクション人形","アクシヨンニンキヨウ"
"321305","ファッション人形","フアツシヨンニンキヨウ"
"321397","その他トイトール","ソノタトイトール"
"3214","知育・音楽玩具","チイク.オンカクカンク"
"321401","学習器","カクシユウキ"
"321403","フロック","フロツク"
"321405","積木","ツミキ"
"321407","マイク・楽器","マイク.カツキ"
"321409","工作","コウサク"
"321411","幼児用ハスル","ヨウシヨウハスル"
"321497","その他知育","ソノタチイク"
"3215","保育玩具","ホイクカンク"
"321501","ハストーイ","ハストーイ"
"321503","ヘヒートーイ","ヘヒートーイ"
"321505","ヘヒー用品","ヘヒーヨウヒン"
"321597","その他保育玩具","ソノタホイクカンク"
"3216","ファンシー","フアンシー"
"321601","リヒンク","リヒンク"
"321603","生活雑貨","セイカツサツカ"
"321605","身辺雑貨","シンヘンサツカ"
"321607","フース","フース"
"321609","ハーティー","ハーテイー"
"321611","レシャー用品","レシヤーヨウヒン"
"321613","ステーショナリー","ステーシヨナリー"
"321697","その他ファンシー","ソノタフアンシー"
"3217","ぬいくるみ","ヌイクルミ"
"321701","ぬいくるみ","ヌイクルミ"
"321703","キャラクターぬいくるみ","キヤラクターヌイクルミ"
"321705","アクションぬいくるみ","アクシヨンヌイクルミ"
"321797","その他ぬいくるみ","ソノタヌイクルミ"
"3218","フラモテル","フラモテル"
"321801","フラモテル(陸)","フラモテル(リク)"
"321803","フラモテル(海)","フラモテル(ウミ)"
"321805","フラモテル(空)","フラモテル(ソラ)"
"321807","フラモテルキャラクター","フラモテルキヤラクター"
"321897","その他フラモテル","ソノタフラモテル"
"3219","ラシオコントロール","ラシオコントロール"
"321901","電動ラシオコントロール","テントウラシオコントロ"
"321903","エンシンラシオコントロール","エンシンラシオコントロー"
"321905","ラシオコントロール用品","ラシオコントロールヨウヒン"
"321997","その他 ラシオコントロール","ソノタ ラシオコントロール"
"3220","鉄道模型","テツトウモケイ"
"322001","Nケーシ","Nケーシ"
"322003","その他のケーシ","ソノタノケーシ"
"322005","鉄道模型用品","テツトウモケイヨウヒン"
"322097","その他 鉄道模型","ソノタ テツトウモケイ"
"3221","カン","カン"
"322101","シューティンクカン","シユーテインクカン"
"322103","モテルカン","モテルカン"
"322105","カン用品","カンヨウヒン"
"322197","その他 カン","ソノタ カン"
"3222","クラフト・アタルトホヒー","クラフト.アタルトホヒー"
"322201","クラフトホヒー","クラフトホヒー"
"322203","アタルトホヒー","アタルトホヒー"
"322297","その他クラフト・アタルトホヒー","ソノタクラフト.アタルトホ"
"3223","ホヒー関連用品","ホヒーカンレンヨウヒン"
"322301","ホヒー関連用品","ホヒーカンレンヨウヒン"
"322397","その他 ホヒー関連用品","ソノタ ホヒーカンレンヨウ"
"3224","キフト人形","キフトニンキヨウ"
"322401","和人形","ニホンニンキヨウ"
"322403","洋人形","セイヨウニンキヨウ"
"322405","アンティック人形","アンテイツクニンキヨウ"
"322497","その他 キフト人形","ソノタ キフトニンキヨウ"
"3225","季節用品","キセツヨウヒン"
"322501","正月人形","1カツニンキヨウ"
"322503","三月人形","3カツニンキヨウ"
"322505","五月人形","5カツニンキヨウ"
"322507","その他人形","ソノタニンキヨウ"
"322509","正月用品","シヨウカツヨウヒン"
"322511","水物ヒニール用品","ミスモノヒニールヨウヒン"
"322513","その他夏物用品","ソノタナツモノヨウヒン"
"322515","縁日物玩具","エンニチモノカンク"
"322517","クリスマス用品","クリスマスヨウヒン"
"322597","その他 季節用品","ソノタ キセツヨウヒン"
"3226","花火","ハナヒ"
"322601","幼児向け花火","ヨウシムケハナヒ"
"322603","ヤンク向け花火","ヤンクムケハナヒ"
"322697","その他 花火","ソノタ ハナヒ"
"3227","小物玩具","コモノカンク"
"322701","小物玩具","コモノカンク"
"322703","紙製玩具","カミセイカンク"
"322797","その他 小物玩具","ソノタ コモノカンク"
"3228","トイスホーツ","トイスホーツ"
"322801","トイスホーツ","トイスホーツ"
"322803","シュニアトイスホーツ","シユニアトイスホーツ"
"322897","その他スホーツ","ソノタスホーツ"
"3229","乗物","ノリモノ"
"322901","乗物","ノリモノ"
"322903","ヘヒーカー","ヘヒーカー"
"322905","遊具","ユウク"
"322997","その他乗物","ソノタノリモノ"
"3297","その他玩具","ソノタカンク"
"329797","その他玩具","ソノタカンク"
"33","書籍","シヨセキ"
"3397","一般書籍","イツハンシヨセキ"
"339797","一般書籍","イツハンシヨセキ"
"34","楽器・音響ソフト","カツキ,オンキヨウソフト"
"3401","ヒアノ類","ヒアノルイ"
"340101","ヒアノ","ヒアノ"
"340103","ハーフシコート、鍵盤弦楽器","ハーフシコートルイ"
"340105","ハーフ","ハーフ"
"340197","ヒアノその他けん(鍵)盤楽器一般","ヒアノ,ケンハンカツキ"
"3402","オルカン類","オルカンルイ"
"340201","ハイフオルカン","ハイフオルカン"
"340203","リートオルカン","リートオルカン"
"340205","ハーモニカ","ハーモニカ"
"340207","けん盤ハーモニカ","ケンハンハーモニカ"
"340209","アコーティオン","アコーテイオン"
"340211","ハンハイフ","ハンハイフ"
"340297","リート楽器一般","リートカツキイツハン"
"3403","管楽器","カンカツキ"
"340301","金管楽器","キンカンカツキ"
"340303","木管楽器","モツカンカツキ"
"340397","管楽器一般","カンカツキイツハン"
"3404","弦楽器","ケンカツキ"
"340401","ハイオリン","ハイオリン"
"340403","ヒオラ","ヒオラ"
"340405","チェロ","チエロ"
"340407","タフルヘース","タフルヘース"
"340409","マントリン","マントリン"
"340411","アコースティックキター","アコーステイツクキター"
"340413","ウクレレ","ウクレレ"
"340415","ハンショー","ハンシヨー"
"340497","弦楽器一般","ケンカツキイツハン"
"3405","打楽器","タカツキ"
"340501","太鼓","タイコ"
"340503","ティンハニー","テインハニー"
"340505","立奏木琴","リツソウモツキン"
"340507","鉄琴","テツキン"
"340509","チューフラーヘル","チユーフラーヘル"
"340511","コンク","コンク"
"340513","シンハル","シンハル"
"340515","タンフリン","タンフリン"
"340597","打楽器一般","タカツキイツハン"
"3406","電子楽器及ひ電気楽器","テンシカツキオヨヒテ"
"340601","電子楽器","テンシカツキ"
"340603","電気楽器","テンキカツキ"
"340697","電子楽器・電気楽器一般","テンシカツキ,テンキカ"
"3407","和楽器","ワカツキ"
"340701","弦楽器","ケンカツキ"
"340703","管楽器","カンカツキ"
"340705","打楽器","タカツキ"
"340797","和楽器一般","ワカツキイツハン"
"3408","楽器の部分品・附属品","カツキノフフンヒン,フ"
"340801","楽器用の弦","カツキヨウノケン"
"340803","楽器用の弓","カツキヨウノユミ"
"340805","はち(撥)","ハチ(ハチ)"
"340807","自動演奏用のせん孔した楽器","シトウエンソウヨウ セン"
"340809","オルコールのムーフメント","オルコールノムーフメント"
"340811","メトロノーム","メトロノーム"
"340813","調子笛・音さ","チヨウシフエ,オンサ"
"340897","楽器の部分品・附属品一般","カツキノフフンヒン,フ"
"3409","記録物類","キロクフツルイ"
"340901","ティスク式記録物類","テイスクシキキロクフツル"
"340903","テーフ式記録物類","テーフシキキロクフツルイ"
"340905","映像用フィルム","エイソウヨウフイルム"
"340997","記録物一般","キロクフツイツハン"
"3410","楽譜","カクフ"
"341001","ヒアノ楽譜","ヒアノカクフ"
"341003","電子オルカン楽譜","テンシオルカンカクフ"
"341005","キター楽譜","キターカクフ"
"341007","弦楽器楽譜","ケンカツキカクフ"
"341009","管・打楽器・吹奏楽楽譜","カン,タカツキ,スイソウ"
"341011","テシタル楽器楽譜","テシタルカツキカクフ"
"341013","アンサンフル楽譜","アンサンフルカクフ"
"341015","オーケストラスコア","オーケストラスコア"
"341017","ロックハントスコア","ロツクハントスコア"
"341019","声楽・合唱・聴音楽譜","セイカク,カツシヨウカ"
"341021","カラオケ・歌集・歌謡曲楽譜","カラオケ,カシユウ,カヨウカ"
"341023","和楽器楽譜","ワカツキカクフ"
"341097","その他楽譜","ソノタカクフ"
"3411","音楽書籍・雑誌","オンカクシヨセキ,サツシ"
"341101","音楽辞典","オンカクシテン"
"341103","音楽理論書・専門書","オンカクリロンシヨ,センモ"
"341105","音楽読み物・エッセイ","オンカクヨミモノ,エツセイ"
"341107","音楽雑誌","オンカクサツシ"
"341109","コンヒュータ音楽書籍","コンヒユータオンカクシヨ"
"341111","オーティオ音楽書籍","オーテイオオンカクシヨセ"
"341197","その他音楽書籍・雑誌","ソノタオンカクシヨセキ,サ"
"3412","楽譜関連商品","カクフカンレンシヨウヒン"
"341201","楽譜出版社制作ヒテオ","カクフシユツハンヒテ"
"341203","楽譜出版社制作CD","カクフシユツハンCD"
"341205","楽譜出版社制作CD-ROM・DVD","カクフシユツハンCD-R"
"341207","ミューシックテータ","ミユーシツクテータ"
"341209","楽譜関連クッス","カクフカンレンクツス"
"341297","その他楽譜関連商品","ソノタカクフカンレンシヨウ"
"3497","一般楽器・音響ソフト","イツハンカツキ,オンキヨ"
"349797","その他一般楽器・音響ソフト","イツハンカツキ,オンキヨ"
"36","情報機器","シヨウホウキキ"
"3601","テシタル型","テシタルカタ"
"360101","中央処理装置","チユウオウシヨリソウチ"
"360103","ハーソナルコンヒュータ","ハーソナルコンヒユータ"
"360105","補助記憶装置","ホシヨキオクソウチ"
"360107","入出力装置","ニユウシユツリヨクソウチ"
"360109","端末装置","タンマツソウチ"
"360111","オフライン装置","オフラインソウチ"
"360113","電子計算機用部品・附属品・入力部品","テンシケイサンキヨウフヒ"
"360197","テシタル型一般","テシタルカタイツハン"
"3602","アナロク型","アナロクカタ"
"360297","アナロク型一般","アナロクカタイツハン"
"3603","ハイフリット型","ハイフリツトカタ"
"360397","ハイフリット型一般","ハイフリツトカタイツハ"
"3604","システム・フロクラム","システム,フロクラム"
"360401","汎用フロクラム","ハンヨウフロクラム"
"360403","カスタムフロクラム","カスタムフロクラム"
"360497","システム・フロクラム一般","システム,フロクラムイツ"
"3605","アフリケーション・フロクラム","アフリケーシヨン,フロク"
"360501","汎用フロクラム","ハンヨウフロクラム"
"360503","カスタムフロクラム","カスタムフロクラム"
"360597","アフリケーション・フロクラム一般","アフリケーシヨン,フロク"
"3606","有線通信装置","ユウセンツウシンソウチ"
"360601","電話機","テンワキ"
"360603","電話応用電話機","テンワオウヨウテンワキ"
"360605","電信装置","テンシンソウチ"
"360607","画像装置","カソウソウチ"
"360609","交換機","コウカンキ"
"360611","伝送装置","テンソウソウチ"
"360613","有線通信機器用部品・附属品","ユウセンツウシンキキヨウフ"
"360697","有線通信装置一般","ユウセンツウシンソウチイツハ"
"3697","一般情報機器","イツハンシヨウホウキキ"
"369797","その他一般情報機器","ソノタイツハンシヨウホウ"
"39","その他文化用品","ソノタフンカヨウヒン"
"3901","マッチ、ろうそく、くん(薫)物、線香","マツチ,ロウソク,クンモノ,"
"390101","マッチ","マツチ"
"390103","マッチ箱","マツチハコ"
"390105","つけ木","ツケキ"
"390107","ろうそく","ロウソク"
"390109","くん物","クンモノ"
"390111","線香","センコウ"
"390197","マッチ類一般","マツチルイイツハン"
"3902","裁縫用小物用品","サイホウヨウコモノヨウヒン"
"390201","ホタン","ホタン"
"390203","フレスファスナー、スナッフファスナー","フレスフアスナー,スナツフ"
"390205","縫針及ひ指ぬき","ヌイハリオヨヒユヒヌキ"
"390297","裁縫用小物用品一般","サイホウヨウコモノヨウヒンイ"
"3903","標識及ひ広告用品","ヒヨウシキオヨヒコウコクヨ"
"390301","道路標識","トウロヒヨウシキ"
"390303","停留場標識","テイリユウシヨウヒヨウシキ"
"390305","広告用品","コウコクヨウヒン"
"390307","電気標識","テンキヒヨウシキ"
"390309","アトハルーン","アトハルーン"
"390311","空中投影機","クウチユウトウエイキ"
"390397","標識及ひ広告用品一般","ヒヨウシキオヨヒコウコクヨ"
"3904","宗教用具","シユウキヨウヨウク"
"390401","神たな(棚)・神具","カミタナ(タナ),シンク"
"390403","仏檀・仏具","フツタン,フツク"
"390405","祭檀、祭具・結納品","サイタン,サイク,ユイノ"
"390407","葬具","ソウク"
"390497","宗教用具一般","シユウキヨウヨウクイツハ"
"3997","一般文化用品","イツハンフンカヨウヒン"
"399797","その他一般文化用品","ソノタイツハンフンカヨウ"
"4","耐久消費財","タイキユウシヨウヒサイ"
"42","家具","カク"
"4201","たんす","タンス"
"420101","和たんす","ワタンス"
"420103","洋たんす","ヨウタンス"
"420105","整理たんす(チェスト)","セイリタンス(チエスト)"
"420197","たんす一般","タンスイツハン"
"4202","戸たな","トタナ"
"420201","飾り戸たな","カサリトタナ"
"420203","書籍戸たな","シヨセキトタナ"
"420205","サイトホート","サイトホート"
"420207","食器戸たな","シヨツキトタナ"
"420209","茶たな","チヤタナ"
"420211","整理戸たな類","セイリトタナルイ"
"420213","陳列戸たな","チンレツトタナ"
"420215","けた箱","ケタハコ"
"420297","戸たな一般","トタナイツハン"
"4203","たな","タナ"
"420301","書たな","シヨタナ"
"420303","飾りたな","カサリタナ"
"420305","陳列たな","チンレツタナ"
"420307","整理たな","セイリタナ"
"420397","たな一般","タナイツハン"
"4204","箱","ハコ"
"420401","衣料整理箱","イリヨウセイリハコ"
"420403","裁縫箱","サイホウハコ"
"420405","かん(玩)具箱","カン(カン)クハコ"
"420407","レコートキャヒネット","レコートキヤヒネツト"
"420409","事務用整理箱","シムヨウセイリハコ"
"420497","箱一般","ハコイツハン"
"4205","フォノキャヒネット","フオノキヤヒネツト"
"420501","ラシオキャヒネット","ラシオキヤヒネツト"
"420503","テレヒキャヒネット","テレヒキヤヒネツト"
"420505","ステレオキャヒネット","ステレオキヤヒネツト"
"420597","フォノキャヒネット一般","フオノキヤヒネツトイツハ"
"4206","机","ツクエ"
"420601","座机","スワリツクエ"
"420603","立机","タチツクエ"
"420605","学校用机","カツコウヨウツクエ"
"420697","机一般","ツクエイツハン"
"4207","テーフル(卓子)","テーフル(テーフル)"
"420701","座卓","サタク"
"420703","立卓","リツタク"
"420797","テーフル(卓子)一般","テーフル(テーフル)"
"4208","鏡台","キヨウタイ"
"420801","一面鏡台","イチメンキヨウタイ"
"420803","三面鏡台","サンメンキヨウタイ"
"420805","姫鏡台","ヒメキヨウタイ"
"420807","姿見(脚付き)","スカタミ(キヤクツキ)"
"420809","壁掛け鏡","カヘカケカカミ"
"420811","トレッサー","トレツサー"
"420897","鏡台一般","キヨウタイイツハン"
"4209","台","タイ"
"420901","調理台","チヨウリタイ"
"420903","配せん(膳)台","ハイセン(セン)タ"
"420905","流し台","ナカシタイ"
"420907","カス台","カスタイ"
"420909","作業台","サキヨウタイ"
"420911","実験台","シツケンタイ"
"420913","陳列台","チンレツタイ"
"420915","売場台","ウリハタイ"
"420997","台一般","タイイツハン"
"4210","いす(椅子)・腰掛け","イス(イス),コシカケ"
"421001","(一人用ひしなし)ソファー","(ヒトリヨウヒシナシ)ソ"
"421003","スツール","スツール"
"421005","座いす","サイス"
"421007","小いす","コイス"
"421009","ひし掛けいす","ヒシカケイス"
"421011","長いす","ナカイス"
"421013","寝いす","ネイス"
"421015","乳幼児用いす","ニユウヨウシヨウイス"
"421017","特殊用途のいす","トクシユヨウトノイス"
"421097","いす(椅子)・腰掛け一般","イス(イス),コシカケイ"
"4211","ヘット","ヘツト"
"421101","普通ヘット","フツウヘツト"
"421103","ハリウットヘット","ハリウツトヘツト"
"421105","二段ヘット","ニタンヘツト"
"421107","ヘヒーヘット","ヘヒーヘツト"
"421109","スタティオヘット","スタテイオヘツト"
"421111","コンハーチフルヘット","コンハーチフルヘツト"
"421113","特殊用途のヘット","トクシユヨウトノヘツト"
"421115","ヘット用部品","ヘツトヨウフヒン"
"421197","ヘット一般","ヘツトイツハン"
"4212","マットレス","マツトレス"
"421201","スフリンクマットレス","スフリンクマツトレス"
"421203","フォームマットレス","フオームマツトレス"
"421205","ウォーターマットレス","ウオーターマツトレス"
"421297","マットレス一般","マツトレスイツハン"
"4213","金庫","キンコ"
"421301","耐火金庫","タイカキンコ"
"421303","手さけ金庫","テサケキンコ"
"421397","金庫一般","キンコイツハン"
"4214","ロッカー","ロツカー"
"421401","更衣用ロッカー","コウイヨウロツカー"
"421403","物品用ロッカー","フツヒンヨウロツカー"
"421497","ロッカー一般","ロツカーイツハン"
"4215","器物台","キフツタイ"
"421501","花器台","カキタイ"
"421503","植木台","ウエキタイ"
"421505","電話台","テンワタイ"
"421507","置物台","オキモノタイ"
"421509","テレヒ台","テレヒタイ"
"421511","囲碁・将棋盤用の台","イコ,シヨウキハンヨウ"
"421513","見台","ケンタイ"
"421597","器物台一般","キフツタイイツハン"
"4297","一般家具","イツハンカク"
"429797","その他一般家具","ソノタイツハンカク"
"43","車両用品","シヤリヨウヨウヒン"
"4303","自転車","シテンシヤ"
"430301","ファミリー車","フアミリーシヤ"
"430303","スホーツ車","スホーツシヤ"
"430305","子供車","コトモシヤ"
"430307","自転車ハーツ","シテンシヤハーツ"
"430397","自転車一般","シテンシヤイツハン"
"4311","車用タイヤ","クルマヨウタイヤ"
"431101","乗用車用タイヤ","シヨウヨウシヤヨウタイヤ"
"431103","トラック、ハス用タイヤ","トラツク、ハスヨウタイヤ"
"431105","冬用タイヤ","フユヨウタイヤ"
"431197","車用その他タイヤ及ひ付属品","クルマヨウソノタタイヤ"
"4312","車用ホイール","クルマヨウホイール"
"431201","車用アルミホイール","クルマヨウアルミホイール"
"431203","車用スチールホイール","クルマヨウスチールホイール"
"431297","車用その他ホイール及ひ付属品","クルマヨウソノタホイール"
"4313","車用オーティオ用品","クルマヨウオーテイオ"
"431301","車用CD、MD、カセットテッキ","クルマヨウCD、MD"
"431303","車用スヒーカー、アンフ","クルマヨウスヒーカー"
"431397","その他車用オーティオ用品","ソノタクルマヨウオーテイオ"
"4314","車用コミュニケーション機器","クルマヨウコミユニケーシヨン"
"431401","カーナヒケーション","カーナヒケーシヨン"
"431403","車用テレヒ","クルマヨウテレヒ"
"431405","車用映像再生装置","クルマヨウエイソウサイセイ"
"431407","ETC","ETC"
"431497","その他車用コミュニケーション機器","ソノタクルマミユニケーシヨン"
"4315","洗車、補修用品","センシヤ、ホシユウヨウヒン"
"431501","洗車用シャンフー","センシヤヨウシヤンフー"
"431503","車用ワックス、コート剤","クルマヨウワツクス"
"431505","ウィント関連","ウイントカンレン"
"431507","車用クリーナー","クルマヨウクリーナー"
"431509","車用ヘイント、補修剤","クルマヨウヘイント"
"431511","洗車関連用品","センシヤカンレンヨウヒン"
"431597","その他洗車、補修用品","ソノタセンシヤ、ホシユウ"
"4316","車用アクセサリー","クルマヨウアクセサリー"
"431601","車用芳香、消臭、脱臭剤","クルマヨウホウコウ"
"431603","車用キャリア","クルマヨウキヤリア"
"431605","車用チャイルトシート","クルマヨウチヤイルトシート"
"431607","車内アクセサリー","シヤナイアクセサリー"
"431609","車外アクセサリー","シヤカイアクセサリー"
"431611","車内電装機器","シヤナイテンソウキキ"
"431697","その他車用アクセサリー","ソノタクルマヨウアクセサリー"
"4317","車用トレスアッフ用品","クルマヨウトレスアツフ"
"431701","ライト関連","ライトカンレン"
"431703","ステアリンク","ステアリンク"
"431705","シフト、ヘタル類","シフト、ヘタルルイ"
"431707","シート関連","シートカンレン"
"431709","ホイル関連","ホイルカンレン"
"431711","トレスアッフ用電装用品","トレスアツフテンソウ"
"431797","その他車用トレスアッフ用品","ソノタトレスアツフ"
"4318","車用メンテナンス用品","クルマヨウメンテナンスヨウヒ"
"431801","エンシンオイル","エンシンオイル"
"431803","その他オイル","ソノタオイル"
"431805","車用ハッテリー","クルマヨウハツテリー"
"431807","ワイハフレート","ワイハフレート"
"431809","車用オイルフィルター","クルマヨウオイルフイルター"
"431811","車用エアフィルター","クルマヨウエアフイルター"
"431813","車用フェールフィルター","クルマヨウフエールフイルター"
"431815","車用エアコンフィルター","クルマヨウエアコンフイルター"
"431817","車用電球、電装用品","クルマヨウテンキユウ"
"431819","車用工具","クルマヨウコウク"
"431821","車用緊急応急用品","クルマヨウキンキユウオウキユ"
"431897","その他車用メンテナンス用品","ソノタクルマヨウメンテナンス"
"4319","車用ケミカル用品","クルマヨウケミカルヨウヒン"
"431901","車用電装関連ケミカル","クルマヨウテンソウカンレン"
"431903","車用冷却関連ケミカル","クルマヨウレイキヤクカンレン"
"431905","車用潤滑関連ケミカル","クルマヨウシユンカツカンレ"
"431907","車用燃料関連ケミカル","クルマヨウネンリヨウカンレン"
"431909","車用駆動関連ケミカル","クルマヨウクトウカンレン"
"431911","車用業務関連ケミカル","クルマヨウキヨウムカンレン"
"431997","その他車用等ケミカル","ソノタクルマヨウトウケミカル"
"4320","車用チューニンク用品","クルマヨウチユーニンク"
"432001","エンシン系チューニンク用品","エンシンケイチユーニンク"
"432003","排気系チューニンク用品","ハイキケイチユーニンク"
"432005","吸気系チューニンク用品","キユウキケイチユーニンク"
"432007","サスヘンション・フレーキ系チューニンク","サスヘンシヨン・フレーキ"
"432009","車用電装系チューニンク用品","クルマヨウテンソウケイ"
"432097","その他車用チューニンク用品","ソノタクルマチユーニンク"
"4321","自動車部品","シトウシヤフヒン"
"432101","エンシン部品","エンシンフヒン"
"432103","車用駆動部品","クルマヨウクトウフヒン"
"432105","サスヘンション・フレーキ部品","サスヘンシヨン・フレーキ"
"432107","車体部品","シヤタイフヒン"
"432109","車用電装部品","クルマヨウテンソウフヒン"
"432197","その他部品","ソノタフヒン"
"4322","ハイク用品","ハイクヨウヒン"
"432201","ハイク用品","ハイクヨウヒン"
"432297","その他ハイク用品類","ソノタハイクヨウヒンルイ"
"4398","その他車両用品","ソノタシヤリヨウヨウヒン"
"439897","その他車両用品","ソノタシヤリヨウヨウヒン"
"44","時計・メカネ","トケイ,メカネ"
"4401","時計","トケイ"
"440101","腕時計","ウテトケイ"
"440103","旅行時計","リヨコウトケイ"
"440105","計器盤用時計","ケイキハンヨウトケイ"
"440107","置・目覚まし時計","オキ,メサマシトケイ"
"440109","掛時計","カケトケイ"
"440197","時計一般","トケイイツハン"
"4402","時計関連用品","トケイカンレンヨウヒン"
"440201","ウオッチケース","ウオツチケース"
"440203","クロックケース部品","クロツクケースフヒン"
"440205","その他の時計の部分品","ソノタノトケイノフフンヒ"
"440297","時計関連用品一般","トケイカンレンヨウヒンイツハ"
"4405","メカネ","メカネ"
"440501","メカネレンス","メカネレンス"
"440510","メカネ関連品","メカネカンレンヒン"
"440597","メカネ一般","メカネイツハン"
"4497","一般時計・メカネ","イツハントケイ,メカネ"
"449797","その他一般時計・メカネ","ソノタイツハントケイ,メカ"
"45","光学・写真関連品","コウカク,シヤシンカンレン"
"4501","カメラ","カメラ"
"450101","コンハクトカメラ","コンハクトカメラ"
"450103","35mm1眼レフカメラ","35ミリイチカンレフカメラ"
"450105","中・大判カメラ","チユウ.オオハンカメラ"
"450107","インスタントカメラ","インスタントカメラ"
"450109","ムーヒーヒテオカメラ","ムーヒーヒテオカメラ"
"450111","スチイルヒテオカメラ","スチイルヒテオカメラ"
"450197","その他カメラ","ソノタカメラ"
"4502","交換レンス","コウカンレンス"
"450201","35mm交換レンス","35ミリコウカンレンス"
"450203","中・大判交換レンス","チユウ,オオハンコウカンレ"
"450297","その他交換レンス","ソノタコウカンレンス"
"4503","光学機器","コウカクキキ"
"450301","双眼鏡","ソウカンキヨウ"
"450303","望遠鏡","ホウエンキヨウ"
"450305","顕微鏡","ケンヒキヨウ"
"450397","その他光学機器","ソノタコウカクキキ"
"4504","写真用品","シヤシンヨウヒン"
"450401","フィルター","フイルター"
"450403","ストロホ","ストロホ"
"450405","三脚","サンキヤク"
"450407","ハック","ハツク"
"450409","アルハム","アルハム"
"450411","電池","テンチ"
"450413","スライト、OHP","スライト,OHP"
"450415","補助レンス","ホシヨレンス"
"450417","照明用品","シヨウメイヨウヒン"
"450419","撮影用品","サツエイヨウヒン"
"450421","暗室用品","アンシツヨウヒン"
"450497","その他写真用品","ソノタシヤシンヨウヒン"
"4505","フィルム","フイルム"
"450501","ネカカラーフィルム","ネカカラーフイルム"
"450503","レンス付フィルム","レンスツキフイルム"
"450505","リハーサルカラーフィルム","リハーサルカラーフイルム"
"450507","モノクロフィルム","モノクロフイルム"
"450509","インスタントフィルム","インスタントフイルム"
"450511","特殊フィルム","トクシユフイルム"
"450597","その他フィルム","ソノタフイルム"
"4597","その他光学・写真関連品","ソノタコウカク,シヤシンカ"
"459797","その他光学・写真関連品","ソノタコウカク,シヤシンカ"
"46","家電","カテン"
"4601","テレヒ関連","テレヒカンレン"
"460105","カラーテレヒ","カラーテレヒ"
"460110","HDTV","HDTV"
"460115","フロシェクションテレヒ","フロシエクシヨンテレヒ"
"460120","液晶テレヒ","エキシヨウテレヒ"
"460197","テレヒ関連機器，その他","テレヒカンレンキキ,ソノタ"
"4603","ヒテオ関連","ヒテオカンレン"
"460305","ヒテオテッキ","ヒテオテツキ"
"460310","カメラ一体型ヒテオ","カメライツタイカタヒテ"
"460397","ヒテオ関連機器，その他","ヒテオカンレンキキ,ソノ"
"4605","VDP関連","VDPカンレン"
"460505","ヒテオティスク","ヒテオテイスク"
"460597","VDP関連機器，その他","VDPカンレンキキ,ソノタ"
"4607","コンホ，ステレオ関連","コンホ,ステレオカンレン"
"460705","アンフ","アンフ"
"460710","チューナー","チユーナー"
"460715","アナロクフレーヤー","アナロクフレーヤー"
"460720","スヒーカー","スヒーカー"
"460725","テーフテッキ","テーフテツキ"
"460730","CDフレーヤー","CDフレーヤー"
"460735","テシタル機器","テシタルキキ"
"460797","コンホ，ステレオその他","コンホ,ステレオソノタ"
"4609","ステレオ","ステレオ"
"460905","ミニコンホ","ミニコンホ"
"460997","ステレオその他","ステレオソノタ"
"4611","オーティオ，その他","オーテイオ,ソノタ"
"461105","マイク","マイク"
"461110","ヘットホン","ヘツトホン"
"461115","オーティオラック","オーテイオラツク"
"461120","イコライサー","イコライサー"
"461125","オーティオタイマー","オーテイオタイマー"
"461197","オーティオ，その他","オーテイオソノタ"
"4613","テレコ，ラシオ関連","テレコ,ラシオカンレン"
"461305","ラシオ","ラシオ"
"461310","ラシカセ","ラシカセ"
"461315","ヘットホンステレオ","ヘツトホンステレオ"
"461320","テーフレコーター","テーフレコーター"
"461397","テレコ，ラシオその他","テレコ,ラシオソノタ"
"4615","カーコンホ関連","カーコンホカンレン"
"461505","カーステレオ","カーステレオ"
"461510","カーアンフ","カーアンフ"
"461515","カースヒーカー","カースヒーカー"
"461520","カーCD","カーCD"
"461597","カーコンホその他","カーコンホソノタ"
"4617","トランシーハー，拡声器関連","トランシーハー,カクセイキ"
"461705","トランシーハー","トランシーハー"
"461710","ハーソナル無線","ハーソナルムセン"
"461715","拡声器","カクセイキ"
"461797","トランシーハー，拡声器その他","トランシーハー,カクセイキ"
"4619","磁気テーフ等","シキテーフトウ"
"461905","ヒテオテーフ","ヒテオテーフ"
"461910","オーティオテーフ","オーテイオテーフ"
"461915","フロッヒーティスク","フロツヒーテイスク"
"461920","MD，DCC","MD,DCC"
"461925","ソフトフロッヒー","ソフトフロツヒー"
"461930","光ティスク","ヒカリテイスク"
"461935","コンヒュータメティア群","コンヒユータメテイアク"
"461997","磁気テーフ等その他","シキテーフトウソノタ"
"4621","ルームエアコン，空調機器及ひ付属品","ルームエアコン,クウチヨウキ"
"462105","ルームエアコン","ルームエアコン"
"462110","業務用エアコン","キヨウムヨウエアコン"
"462197","エアコン，空調その他","エアコン,クウチヨウソノタ"
"4623","扇風機","センフウキ"
"462305","扇風機","センフウキ"
"462310","冷風扇","レイフウセン"
"462397","扇風機その他","センフウキソノタ"
"4625","全室暖房","センシツタンホウ"
"462505","石油ストーフ","セキユストーフ"
"462510","石油ファンヒーター","セキユフアンヒーター"
"462515","石油温風暖房機","セキユオンフウタンホウ"
"462520","カスストーフ","カスストーフ"
"462525","カスファンヒーター","カスフアンヒーター"
"462597","全室暖房その他","センシツタンホウソノタ"
"4627","部分暖房機","フフンタンホウキ"
"462705","電子毛布","テンキモウフ"
"462710","家具調ヤクラ","カクチヨウヤクラ"
"462715","ヤクラコタツ","ヤクラコタツ"
"462720","電子カーヘット","テンシカーヘツト"
"462725","電気ストーフ","テンキストーフ"
"462730","アンカ，カイロ","アンカ,カイロ"
"462735","足温器","ソクオンキ"
"462740","加湿器","カシツキ"
"462745","部分暖房付属","フフンタンホウフソ"
"462797","部分暖房その他","フフンタンホウソノタ"
"4629","厨房機器","チユウホウキキ"
"462905","湯沸器","ユワカシキ"
"462910","カステーフル","カステーフル"
"462915","カス調理器","カスチヨウリキ"
"462920","換気扇","カンキセン"
"462925","レンシフート","レンシフート"
"462930","食器乾燥機","シヨツキカンソウキ"
"462935","食器洗機","シヨツキアライキ"
"462997","厨房機器その他","チユウホウキキソノタ"
"4631","レンシ","レンシ"
"463105","電子レンシ","テンシレンシ"
"463110","据付型オーフン","ソナエツケカタオーフン"
"463115","カスレンシ","カスレンシ"
"463120","電磁調理器","テンシチヨウリキ"
"463197","レンシその他","レンシソノタ"
"4633","回転調理器","カイテンチヨウリキ"
"463305","シューサーミキサー","シユーサーミキサー"
"463310","餅つき機","モチツキキ"
"463315","ハントミキサー","ハントミキサー"
"463320","コーヒーミル","コーヒーミル"
"463325","電気氷かき","テンキコオリカキ"
"463330","シャーフナー","シヤーフナー"
"463397","回転調理器その他","カイテンチヨウリキソノタ"
"4635","電熱調理器","テンネツチヨウリキ"
"463505","電気炊飯器","テンキスイハンキ"
"463510","電子シャー","テンシシヤー"
"463515","トースター","トースター"
"463520","電気オーフン","テンキオーフン"
"463525","コーヒーメーカー","コーヒーメーカー"
"463530","ホットフレート","ホツトフレート"
"463535","タイマースイッチ群","タイマースイツチクン"
"463597","電熱調理器その他","テンネツチヨウリキソノタ"
"4637","調理関連","チヨウリカンレン"
"463705","浄水器・整水器","シヨウスイキ,セイスイキ"
"463797","調理関連その他","チヨウリカンレンソノタ"
"4639","冷蔵機器","レイソウキキ"
"463905","冷蔵庫","レイソウコ"
"463910","冷凍庫","レイトウコ"
"463915","ウオータークーラー","ウオータークーラー"
"463997","冷蔵機器その他","レイソウキキソノタ"
"4641","家事用品","カシヨウヒン"
"464105","洗濯機","センタクキ"
"464110","乾燥機","カンソウキ"
"464115","フトン乾燥機","フトンカンソウキ"
"464120","スタント","スタント"
"464125","掃除機","ソウシキ"
"464197","家事用品その他","カシヨウヒンソノタ"
"4643","理美容用品","リヒヨウヨウヒン"
"464305","ヘアートライヤー","ヘアートライヤー"
"464310","ホットカーラー","ホツトカーラー"
"464315","電気カミソリ","テンキカミソリ"
"464320","アイロン","アイロン"
"464325","スホンフレッサー","スホンフレツサー"
"464397","理美容用品その他","リヒヨウヨウヒンソノタ"
"4645","健康医療機器","ケンコウイリヨウキキ"
"464505","マッサーシ椅子","マツサーシイス"
"464510","ハイフレーター","ハイフレーター"
"464515","補聴器","ホチヨウキ"
"464520","体温計","タイオンケイ"
"464530","血圧計","ケツアツケイ"
"464535","低，高周波治療器","テイ,コウシユウハチリヨウキ"
"464540","電気ハフラシ","テンキハフラシ"
"464545","口腔洗浄機","コウクウセンシヨウキ"
"464550","トレーニンク器具","トレーニンクキク"
"464555","コルフ練習機","コルフレンシユウキ"
"464560","ホームサウナ","ホームサウナ"
"464565","温水洗浄便器","オンスイセンシヨウヘンサ"
"464597","健康医療機器その他","ケンコウイリヨウキキソノタ"
"4647","照明用品","シヨウメイヨウヒン"
"464705","ヘンタント","ヘンタント"
"464710","シーリンクライト","シーリンクライト"
"464715","フラケット","フラケツト"
"464720","シャンテリア","シヤンテリア"
"464725","スタント(フロアスタントを含む)","スタント"
"464797","照明用品その他","シヨウメイヨウヒンソノタ"
"4649","事務機・学用品","シムキ.カクヨウヒン"
"464905","電卓","テンタク"
"464910","電訳機","テンヤクキ"
"464915","電子手帳","テンシテチヨウ"
"464920","学用品","カクヨウヒン"
"464997","事務機・学用品その他","シムキ.カクヨウヒンソノ"
"4651","時計・カメラ","トケイ.カメラ"
"465105","時計","トケイ"
"465110","カメラ","カメラ"
"465197","時計・カメラその他","トケイ.カメラソノタ"
"4653","楽器","カツキ"
"465305","ヒアノ(家電メーカー)","ヒアノ(カテンメーカー)"
"465310","電子ヒアノ(家電メーカー)","テンシヒアノ(カテンメ"
"465315","電子オルカン(家電メーカー)","テンシオルカン(カテン"
"465320","シンセサイサー(家電メーカー)","シンセサイサー(カテンメ"
"465397","楽器その他","カツキソノタ"
"4655","OA機器","OAキキ"
"465505","ハソコン","ハソコン"
"465510","電話機","テンワキ"
"465515","ワーフロ","ワーフロ"
"465520","複写機","フクシヤキ"
"465525","ファクシミリ","フアクシミリ"
"465597","OA機器その他","OAキキソノタ"
"4657","住設用品","シユウセツヨウヒン"
"465705","厨房設備","チユウホウセツヒ"
"465710","ホンフ","ホンフ"
"465715","洗面用品","センメンヨウヒン"
"465720","温水器","オンスイキ"
"465725","インタホン，チャイム群","インタホン,チヤイムクン"
"465797","住設用品その他","シユウセツヨウヒンソノタ"
"4659","大工・園芸品，レシャー用品","タイク.エンケイヒン,レ"
"465905","電動工具","テントウコウク"
"465910","園芸器具","エンケイキク"
"465915","ホータフル電源群","ホータフルテンケンク"
"465997","大工・園芸品，レシャー用品その他","タイク.エンケイレシヤ"
"4661","消耗家電","シヨウモウカテン"
"466105","電池","テンチ"
"466110","電球","テンキユウ"
"466115","螢光ランフ","ケイコウランフ"
"466120","配線器具","ハイセンキク"
"466125","フラッシュライト","フラツシユライト"
"466130","電池クリーナー","テンチクリーナー"
"466197","消耗家電その他","シヨウモウカテンソノタ"
"4663","消耗部品","シヨウモウフヒン"
"466305","剃刀の替刃","カミソリノカエハ"
"466310","掃除機紙ハック","ソウシキカミハツク"
"466315","石油ストーフ芯","セキユストーフシン"
"466320","換気扇フィルター","カンキセンフイルター"
"466325","空気清浄器フィルター","クウキセイシヨウキフイルタ"
"466330","フリンターリホン","フリンターリホン"
"466335","ワーフロ用紙","ワーフロヨウシ"
"466340","感熱紙","カンネツシ"
"466345","ラヘル","ラヘル"
"466350","浄水機カートリッシ","シヨウスイキカートリツシ"
"466397","消耗部品その他","シヨウモウフヒンソノタ"
"4697","その他家電","ソノタカテン"
"469797","その他家電","ソノタカテン"
"49","その他耐久消費財","ソノタタイキユウシヨウヒサ"
"4901","美術工芸品","ヒシユツコウケイヒン"
"490101","絵画","カイカ"
"490103","彫刻","チヨウコク"
"490105","書跡及ひ典籍","シヨセキオヨヒテンセキ"
"490197","美術工芸品一般","ヒシユツコウケイヒンイ"
"4903","ミシン","ミシン"
"490301","ミシン","ミシン"
"490310","ミシン関連品","ミシンカンレンヒン"
"490397","ミシン一般","ミシンイツハン"
"4904","貴金属","キキンソク"
"490401","貴金属","キキンソク"
"490410","貴金属関連品","キキンソクカンレンヒン"
"490497","貴金属一般","キキンソクイツハン"
"4997","一般耐久消費財","イツハンタイキユウシヨウヒ"
"499797","その他一般耐久消費財","ソノタイツハンタイキユウシ"
"5","衣料・身回り品","イリヨウ,ミマワリヒン"
"51","衣料・衣服","イリヨウ,イフク"
"5101","肌着・靴下","ハタキ,クツシタ"
"510101","子供肌着","コトモハタキ"
"510103","紳士肌着","シンシハタキ"
"510105","婦人肌着","フシンハタキ"
"510107","ランシェリー、ファンテーション","ランシエリー,フアンテー"
"510109","ナイトウェア","ナイトウエア"
"510111","子供靴下","コトモクツシタ"
"510113","紳士靴下","シンシクツシタ"
"510115","婦人靴下","フシンクツシタ"
"510197","肌着・靴下一般","ハタキ,クツシタイツハ"
"5102","子供衣料","コトモイリヨウ"
"510201","ヘヒー用品","ヘヒーヨウヒン"
"510203","幼児服","ヨウシフク"
"510205","幼児洋品","ヨウシヨウヒン"
"510207","男児服","タンシフク"
"510209","男児洋品","タンシヨウヒン"
"510211","女児服","シヨシフク"
"510213","女児洋品","シヨシヨウヒン"
"510215","スクール衣料","スクールイリヨウ"
"510297","子供衣料一般","コトモイリヨウイツハン"
"5103","紳士衣料","シンシイリヨウ"
"510301","紳士服","シンシフク"
"510303","コート","コート"
"510305","上衣","ウワキ"
"510307","セーター、ヘスト","セーター,ヘスト"
"510309","スラックス","スラツクス"
"510311","ワイシャツ","ワイシヤツ"
"510313","ワーキンクウェア","ワーキンクウエア"
"510397","紳士衣料一般","シンシイリヨウイツハン"
"5104","婦人衣料","フシンイリヨウ"
"510401","婦人服","フシンフク"
"510403","コート","コート"
"510405","スカート","スカート"
"510407","セーター、フラウス","セーター,フラウス"
"510409","スラックス","スラツクス"
"510411","服地","フクシ"
"510413","毛皮","ケカワ"
"510415","用品","ヨウヒン"
"510497","婦人衣料一般","フシンイリヨウイツハン"
"5105","スホーツウェア","スホーツウエア"
"510501","スキー","スキー"
"510503","テニス","テニス"
"510505","コルフ","コルフ"
"510507","マリーン","マリーン"
"510509","フィットネス","フイツトネス"
"510511","登山・ヘヒーテューティー","トサン ヘヒーテユーテ"
"510597","スホーツウェア一般","スホーツウエア イツハン"
"5106","呉服","コフク"
"510601","絵羽","エハ"
"510603","染着尺","ソメキシヤク"
"510605","織着尺","オリキシヤク"
"510607","帯","オヒ"
"510609","実用呉服","シツヨウコフク"
"510611","小物、付属品","コモノ,フソクヒン"
"510613","喪装、裏地","モフク,ウラシ"
"510615","コート","コート"
"510697","呉服一般","コフクイツハン"
"5107","フォーマル","フオーマル"
"510701","紳士略礼","シンシリヤクレイ"
"510703","紳士礼服","シンシレイフク"
"510705","紳士上衣、コート、スラックス","シンシウワキ,コート,スラ"
"510707","紳士シャツ他","シンシシヤツホカ"
"510709","婦人","フシン"
"510711","男児","タンシ"
"510713","女児","シヨシ"
"510715","小物","コモノ"
"510797","フォーマル一般","フオーマルイツハン"
"5108","シーンス","シーンス"
"510801","紳士テニムレキュラーシーンス","シンシテニムレキユラーシ"
"510803","紳士カラーレキュラーシーンス","シンシカラーレキユラーシ"
"510805","紳士その他のホトムス","シンシソノタノホトムス"
"510807","紳士シーンストッフス","シンシシーンストツフス"
"510809","婦人テニムレキュラーシーンス","フシンテニムレキユラー"
"510811","婦人カラーレキュラーシーンス","フシンカラーレキユラーシ"
"510813","婦人その他のホトムス","フシンソノタノホトムス"
"510815","婦人シーンストッフス","フシンシーンストツフ"
"510817","子供シーンス","コトモシーンス"
"510819","子供シーンストッフス","コトモシーンストツフ"
"510897","シーンス一般","シーンスイツハン"
"5197","一般衣料・衣服","イツハンイリヨウ,イフク"
"519797","その他一般衣料・衣服","イツハンイリヨウ,イフク"
"53","寝具・寝装品","シンク,シンソウヒン"
"5301","ふとん","フトン"
"530101","掛ふとん","カケフトン"
"530103","敷ふとん","シキフトン"
"530105","肌ふとん","ハタフトン"
"530107","組ふとん","クミフトン"
"530109","組座ふとん","クミサフトン"
"530111","マットレス","マツトレス"
"530113","まくら","マクラ"
"530197","ふとん一般","フトンイツハン"
"5302","毛布","モウフ"
"530201","純毛毛布","シユンモウモウフ"
"530203","合繊毛布","コウセンモウフ"
"530205","綿毛布","メンモウフ"
"530207","夜着毛布","ヤキモウフ"
"530209","電気毛布","テンキモウフ"
"530211","ひさ掛毛布","ヒサカケモウフ"
"530297","毛布一般","モウフイツハン"
"5303","カハー・シーツ","カハー,シーツ"
"530301","掛カハー","カケカハー"
"530303","敷カハー","シキカハー"
"530305","肌カハー","ハタカハー"
"530307","毛布カハー","モウフカハー"
"530309","枕カハー","マクラカハー"
"530311","衿カハー","エリカハー"
"530313","シーツ","シーツ"
"530397","カハー・シーツ一般","カハー,シーツイツハン"
"5304","ヘット用品","ヘツトヨウヒン"
"530401","ヘット用ふとん","ヘツトヨウフトン"
"530403","ヘットハット","ヘツトハツト"
"530405","ヘットスフレット","ヘツトスフレツト"
"530407","ヘット用毛布","ヘツトヨウモウフ"
"530409","ヘット用タオルケット","ヘツトヨウタオルケツト"
"530411","ヘット用シーツ","ヘツトヨウシーツ"
"530413","ヘット用枕","ヘツトヨウマクラ"
"530415","ヘット","ヘツト"
"530497","ヘット用品一般","ヘツトヨウヒンイツハン"
"5305","コタツ用品","コタツヨウヒン"
"530501","コタツふとん","コタツフトン"
"530503","コタツ敷ふとん","コタツシキフトン"
"530505","コタツふとんカハー","コタツフトンカハー"
"530507","コタツ上掛","コタツウワカケ"
"530509","コタツ毛布","コタツモウフ"
"530511","暖卓・天板","コタツ,テーフル"
"530513","座いす","サイス"
"530515","座ふとん","サフトン"
"530517","座布団カハー","サフトンカハー"
"530597","コタツ用品一般","コタツヨウヒンイツハン"
"5306","ヘヒー寝具","ヘヒーシンク"
"530601","ヘヒー組ふとん","ヘヒークミフトン"
"530603","ヘヒー掛ふとん","ヘヒーカケフトン"
"530605","ヘヒー敷ふとん","ヘヒーシキフトン"
"530607","ヘヒー肌ふとん","ヘヒーハタフトン"
"530609","ヘヒー毛布","ヘヒーモウフ"
"530611","ヘヒータオルケット","ヘヒータオルケツト"
"530613","ヘヒー用カハーシーツ","ヘヒーヨウカハーシーツ"
"530615","ヘヒー枕","ヘヒーマクラ"
"530617","ヘヒーヘット","ヘヒーヘツト"
"530697","ヘヒー寝具一般","ヘヒーシンクイツハン"
"5307","寝装品","シンソウヒン"
"530701","ハシャマ","ハシヤマ"
"530703","ネクリシェ","ネクリシエ"
"530705","カウン","カウン"
"530707","ローフ","ローフ"
"530709","ねまき","ネマキ"
"530711","ホンチョ","ホンチヨ"
"530713","甚平","シンヘ"
"530797","寝装品一般","シンソウヒンイツハン"
"5308","タオル製品","タオルセイヒン"
"530801","ハスタオル","ハスタオル"
"530803","フェイスタオル","フエイスタオル"
"530805","ハントタオル","ハントタオル"
"530807","スホーツタオル","スホーツタオル"
"530809","ハスローフ","ハスローフ"
"530811","トイレ用品","トイレヨウヒン"
"530813","タオルケット","タオルケツト"
"530897","タオル製品一般","タオルセイヒンイツハン"
"5309","室内用品","シツナイヨウヒン"
"530901","カーテン・フライント","カーテン,フライント"
"530903","カーヘット・敷物類","カーヘツト,シキモノルイ"
"530905","マット・ラク","マツト,ラク"
"530907","クッション","クツシヨン"
"530909","インテリア雑貨","インテリアサツカ"
"530911","タイニンク・キッチン用品","タイニンク,キツチンヨウ"
"530913","ハス用品","ハスヨウヒン"
"530915","壁材","カヘサイ"
"530997","室内用品一般","シツナイヨウヒンイツハン"
"5397","一般寝具・寝装品","イツハンシンク,シンソウ"
"539797","その他一般寝具・寝装品","ソノタイツハンシンク,シ"
"54","身の回り品","ミノマワリヒン"
"5401","子供服飾","コトモ フクシヨク"
"540101","ハンカチーフ","ハンカチーフ"
"540103","マフラー・スカーフ","マフラー スカーフ"
"540105","ネクタイ","ネクタイ"
"540107","蝶ネクタイ・アスコット・ルーフタイ","チヨウネクタイ アスコツト"
"540109","ヘルト・サスヘンター","ヘルト サスヘンター"
"540111","手袋","テフクロ"
"540113","帽子","ホウシ"
"540197","子供服飾一般","コトモ フクシヨク イツハ"
"5402","紳士服飾","シンシ フクシヨク"
"540201","ハンカチーフ","ハンカチーフ"
"540203","マフラー・スカーフ","マフラー スカーフ"
"540205","ネクタイ","ネクタイ"
"540207","蝶ネクタイ・アスコット・ルーフタイ","チヨウネクタイ アスコツト"
"540209","ヘルト・サスヘンター","ヘルト サスヘンター"
"540211","手袋","テフクロ"
"540213","帽子","ホウシ"
"540297","紳子服飾一般","シンシ フクシヨク イツハ"
"5403","婦人服飾","フシン フクシヨク"
"540301","ハンカチーフ","ハンカチーフ"
"540303","マフラー・スカーフ","マフラー スカーフ"
"540305","ネクタイ","ネクタイ"
"540307","蝶ネクタイ・アスコット・ルーフタイ","チヨウネクタイ"
"540309","ヘルト・サスヘンター","ヘルト サスヘンター"
"540311","手袋","テフクロ"
"540313","帽子","ホウシ"
"540397","婦人服飾一般","フシン フクシヨク イツハ"
"5404","和装用身の回り品","ワソウヨウミノマワリヒン"
"540401","帯とめ","オヒトメ"
"540403","帯あけ","オヒアケ"
"540405","腰ひも・たて巻","コシヒモ,タテマキ"
"540407","羽織ひも","ハオリヒモ"
"540409","半えり","ハンエリ"
"540411","すそよけ(けたし)","スソヨケ(ケタシ)"
"540497","和装用身の回り品一般","ワソウヨウミノマワリヒンイツ"
"5405","袋物","フクロモノ"
"540501","ハントハック","ハントハツク"
"540503","小物入れ","コモノイレ"
"540505","ファッションハック","フアツシヨンハツク"
"540597","袋物一般","フクロモノイツハン"
"5406","かはん","カハン"
"540601","旅行用カハン","リヨコウヨウカハン"
"540603","事務用かはん","シムヨウカハン"
"540605","学生かはん","カクセイカハン"
"540607","スホーツ・レシャー用かはん","スホーツ,レシヤーヨウカ"
"540609","楽器用ケース","カツキヨウケース"
"540611","光学機器・ラシオ用ケース","コウカクキキ,ラシオヨウ"
"540613","職業用かはん","シヨクキヨウヨウカハン"
"540697","かはん一般","カハンイツハン"
"5407","かさ・つえ","カサ,ツエ"
"540701","和かさ","ワカサ"
"540703","洋傘","ヨウカサ"
"540705","つえ(ステッキ)","ツエ(ステツキ)"
"540797","かさ・つえ一般","カサ,ツエイツハン"
"5408","扇子・うちわ","センス,ウチワ"
"540801","扇子","センス"
"540803","うちわ","ウチワ"
"540805","扇子・うちわの部品","センス,ウチワノフヒン"
"540897","扇子・うちわ一般","センス,ウチワイツハン"
"5409","装身具","ソウシンク"
"540901","指輪","ユヒワ"
"540903","ネックレス","ネツクレス"
"540905","イヤリンク","イヤリンク"
"540907","フレスレット類","フレスレツトルイ"
"540909","ヘンタント","ヘンタント"
"540911","フローチ、ハットヒン類","フローチ,ハツトヒンルイ"
"540913","カラーホタン類","カラーホタンルイ"
"540915","頭・髪飾り","アタマ,カミカサリ"
"540997","装身具一般","ソウシンクイツハン"
"5497","一般身の回り品","イツハンミノマワリヒン"
"549701","衛生衣服附属品","エイセイイフクフソクヒン"
"549703","レキンス","レキンス"
"549705","財布類","サイフ"
"549707","喫煙具","キツエンク"
"549797","その他一般身の回り品","ソノタイツハンミノマワリヒ"
"55","靴・履物","クツ,ハキモノ"
"5501","ヘヒー","ヘヒー"
"550101","シュース","シユース"
"550104","フーツ","フーツ"
"550107","サンタル","サンタル"
"550109","その他靴","ソノタ クツ"
"5502","シュニア，チャイルト(革，合皮)","シユニア チヤイルト カ"
"550210","チャイルトシュース","チヤイルト シユース"
"550211","シュニアシュース","シユニア シユース"
"550212","ハンフス","ハンフス"
"550213","シュース","シユース"
"550214","フーツ","フーツ"
"550216","スホーツシュース","スホーツ シユース"
"550217","サンタル","サンタル"
"550218","ヘッフサンタル","ヘツフ サンタル"
"550219","その他靴","ソノタ クツ"
"5503","シュニア，チャイルト","シユニア チヤイルト"
"550320","チャイルトシュース","チヤイルト シユース"
"550321","シュニアシュース","シユニア シユース"
"550323","スクールシュース","スクール シユース"
"550324","ウインターシュース","ウインター シユース"
"550325","レインシュース","レイン シユース"
"550326","スホーツシュース","スホーツ シユース"
"550327","サンタル","サンタル"
"550329","その他靴","ソノタ クツ"
"5504","メンス(革)","メンス カワ"
"550430","レース(革底)","レース"
"550431","レース","レース"
"550432","スリホン(革底)","スリホン"
"550433","スリホン","スリホン"
"550434","フーツ(革底)","フーツ"
"550435","フーツ","フーツ"
"550436","スホーツシュース","スホーツ シユース"
"550437","サンタル","サンタル"
"550439","その他靴","ソノタ クツ"
"5505","メンス(合皮)","メンス コウヒ"
"550541","レース","レース"
"550543","スリホン","スリホン"
"550544","フーツ","フーツ"
"550546","スホーツシュース","スホーツ シユース"
"550547","サンタル","サンタル"
"550548","ヘッフサンタル","ヘツフ サンタル"
"550549","その他靴","ソノタ クツ"
"5506","メンス","メンス キヤンハス ヒ"
"550651","スタンタートカシュアルシュース","スタンタート カシユア"
"550654","ウインターシュース","ウインター シユース"
"550655","レインシュース","レイン シユース"
"550656","スホーツシュース","スホーツ シユース"
"550659","その他靴","ソノタ クツ"
"5507","レティス(革)","レテイス カワ"
"550762","ハンフス","ハンフス"
"550763","シュース","シユース"
"550764","フーツ","フーツ"
"550766","スホーツシュース","スホーツ シユース"
"550767","サンタル","サンタル"
"550769","その他靴","ソノタ クツ"
"5508","レティス(合皮)","レテイス コウヒ"
"550872","ハンフス","ハンフス"
"550873","シュース","シユース"
"550874","フーツ","フーツ"
"550875","レイン シュース","レイン シユース"
"550876","スホーツシュース","スホーツ シユース"
"550877","サンタル","サンタル"
"550878","ヘッフサンタル","ヘツフサンタル"
"550879","その他靴","ソノタ クツ"
"5509","レティス","レテイス キヤンハスヒ"
"550981","スタンタートカシュアルシュース","スタンタート カシユア"
"550984","ウインターシュース","ウインター シユース"
"550985","レイン シュース","レイン シユース"
"550986","スホーツシュース","スホーツ シユース"
"550989","その他靴","ソノタ クツ"
"5510","その他の靴","ソノタ クツ"
"551090","付属品","フソクヒン"
"551091","ルームシュース","ルーム シユース"
"551092","スリッハ","スリツハ"
"551093","下駄 草履","ケタ ソーリ"
"551094","安全靴","アンセン クツ"
"551095","作業靴 地下足袋","サキヨウクツ シカタヒ"
"551096","スホーツ専用","スホーツ センヨウ"
"551097","ヒーチサンタル・フィッティンク","ヒーチサンタル,フイツテ"
"551099","その他靴","ソノタ クツ"
"56","スホーツ用品","スホーツヨウヒン"
"5601","野球","ヤキユウ"
"560101","野球 ハック・ケース","ヤキユウハツク,ケース"
"560103","野球 ホール","ヤキユウホール"
"560105","野球 クラフ","ヤキユウクラフ"
"560106","野球 手袋","ヤキユウテフクロ"
"560107","野球 ハット","ヤキユウハツト"
"560109","野球 防具","ヤキユウホウク"
"560145","野球 その他クッス","ヤキユウソノタクツス"
"560147","野球 シュース","ヤキユウシユース"
"560148","野球 シュースアクセサリー","ヤキユウシユースアクセサリ"
"560151","野球 トレーニンクウェア","ヤキユウトレーニンクウエア"
"560153","野球 ウイントフレーカー","ヤキユウウイントフレーカ"
"560155","野球 スウエット","ヤキユウスウエツト"
"560157","野球 ユニフォーム","ヤキユウユニフオーム"
"560159","野球 トレーナー・Tシャツ","ヤキユウトレーナー,Tシヤツ"
"560172","野球 アンターウエア","ヤキユウアンターウエア"
"560188","野球 アクセサリー","ヤキユウアクセサリー"
"560189","野球 その他ウェア","ヤキユウソノタウエア"
"560197","野球 その他","ヤキユウソノタ"
"5602","ソフトホール","ソフトホール"
"560201","ソフトホール ハック・ケース","ソフトホールハツク,ケ"
"560203","ソフトホール ホール","ソフトホールホール"
"560205","ソフトホール クラフ","ソフトホールクラフ"
"560206","ソフトホール 手袋","ソフトホールテフクロ"
"560207","ソフトホール ハット","ソフトホールハツト"
"560209","ソフトホール 防具","ソフトホールホウク"
"560245","ソフトホール その他クッス","ソフトホールソノタクツス"
"560247","ソフトホール シュース","ソフトホールシユース"
"560248","ソフトホール シュースアクセサリー","ソフトホールシユースアク"
"560251","ソフトホール トレーニンクウェア","ソフトホールトレーニンク"
"560253","ソフトホール ウイントフレーカー","ソフトホールウイントフ"
"560255","ソフトホール スウエット","ソフトホールスウエツト"
"560257","ソフトホール ユニフォーム","ソフトホールユニフオーム"
"560259","ソフトホール トレーナー・Tシャツ","ソフトホールトレーナー,T"
"560272","ソフトホール アンターウエア","ソフトホールアンターウエ"
"560288","ソフトホール アクセサリー","ソフトホールアクセサリー"
"560289","ソフトホール その他ウェア","ソフトホールソノタウエア"
"560297","ソフトホール その他","ソフトホールソノタ"
"5610","ハスケットホール","ハスケツトホール"
"561001","ハスケットホール ハック・ケース","ハスケツトホールハツク"
"561003","ハスケットホール ホール","ハスケツトホールホール"
"561045","ハスケットホール その他クッス","ハスケツトホールソノタク"
"561047","ハスケットホール シュース","ハスケツトホールシユース"
"561048","ハスケットホール シュースアクセサリー","ハスケツトホールシユース"
"561051","ハスケットホール トレーニンクウェア","ハスケツトホールトレーニ"
"561053","ハスケットホール ウイントフレーカー","ハスケツトホールウイント"
"561055","ハスケットホール スウエット","ハスケツトホールスウエツ"
"561057","ハスケットホール ケームウェア","ハスケツトホールケーム"
"561059","ハスケットホール トレーナー・Tシャツ","ハスケツトホールトレーナ"
"561072","ハスケットホール アンターウエア","ハスケツトホールアンタ"
"561088","ハスケットホール アクセサリー","ハスケツトホールアクセサ"
"561089","ハスケットホール その他ウェア","ハスケツトホールソノタウ"
"561097","ハスケットホール その他","ハスケツトホールソノタ"
"5611","ハレーホール","ハレーホール"
"561101","ハレーホール ハック・ケース","ハレーホールハツク,"
"561103","ハレーホール ホール","ハレーホールホール"
"561145","ハレーホール その他クッス","ハレーホールソノタクツ"
"561147","ハレーホール シュース","ハレーホールシユース"
"561148","ハレーホール シュースアクセサリー","ハレーホールシユースア"
"561151","ハレーホール トレーニンクウェア","ハレーホールトレーニンク"
"561153","ハレーホール ウイントフレーカー","ハレーホールウイントフ"
"561155","ハレーホール スウエット","ハレーホールスウエツト"
"561157","ハレーホール ケームウェア","ハレーホールケームウエ"
"561159","ハレーホール トレーナー・Tシャツ","ハレーホールトレーナー,"
"561172","ハレーホール アンターウエア","ハレーホールアンターウ"
"561188","ハレーホール アクセサリー","ハレーホールアクセサリー"
"561189","ハレーホール その他ウェア","ハレーホールソノタウエア"
"561197","ハレーホール その他","ハレーホールソノタ"
"5612","ラクヒー","ラクヒー"
"561201","ラクヒー ハック・ケース","ラクヒーハツク,ケー"
"561203","ラクヒー ホール","ラクヒーホール"
"561209","ラクヒー 防具","ラクヒーホウク"
"561245","ラクヒー その他クッス","ラクヒーソノタクツス"
"561247","ラクヒー シュース","ラクヒーシユース"
"561248","ラクヒー シュースアクセサリー","ラクヒーシユースアクセ"
"561251","ラクヒー トレーニンクウェア","ラクヒートレーニンクウ"
"561253","ラクヒー ウイントフレーカー","ラクヒーウイントフレ"
"561255","ラクヒー スウエット","ラクヒースウエツト"
"561257","ラクヒー ケームウェア","ラクヒーケームウエア"
"561259","ラクヒー トレーナー・Tシャツ","ラクヒートレーナー,Tシ"
"561272","ラクヒー アンターウエア","ラクヒーアンターウエア"
"561288","ラクヒー アクセサリー","ラクヒーアクセサリー"
"561289","ラクヒー その他ウェア","ラクヒーソノタウエア"
"561297","ラクヒー その他","ラクヒーソノタ"
"5613","サッカー","サツカー"
"561301","サッカー ハック・ケース","サツカーハツク,ケース"
"561303","サッカー ホール","サツカーホール"
"561305","サッカー キーハークローフ","サツカーキーハークローフ"
"561309","サッカー シンカート","サツカーシンカート"
"561345","サッカー その他クッス","サツカーソノタクツス"
"561347","サッカー シュース","サツカーシユース"
"561348","サッカー シュースアクセサリー","サツカーシユースアクセサリ"
"561351","サッカー トレーニンクウェア","サツカートレーニンクウエア"
"561353","サッカー ウイントフレーカー","サツカーウイントフレーカ"
"561355","サッカー スウエット","サツカースウエツト"
"561357","サッカー ケームウェア","サツカーケームウエア"
"561359","サッカー トレーナー・Tシャツ","サツカートレーナー,Tシヤ"
"561372","サッカー アンターウエア","サツカーアンターウエア"
"561388","サッカー アクセサリー","サツカーアクセサリー"
"561389","サッカー その他ウェア","サツカーソノタウエア"
"561397","サッカー その他","サツカーソノタ"
"5614","アメリカンフットホール","アメリカンフツトホール"
"561401","アメフト ハック・ケース","アメフトハツク,ケース"
"561403","アメフト ホール","アメフトホール"
"561409","アメフト 防具","アメフトホウク"
"561445","アメフト その他クッス","アメフトソノタクツス"
"561447","アメフト シュース","アメフトシユース"
"561448","アメフト シュースアクセサリー","アメフトシユースアクセサリ"
"561451","アメフト トレーニンクウェア","アメフトトレーニンクウエア"
"561453","アメフト ウイントフレーカー","アメフトウイントフレーカ"
"561455","アメフト スウエット","アメフトスウエツト"
"561457","アメフト ケームウェア","アメフトケームウエア"
"561459","アメフト トレーナー・Tシャツ","アメフトトレーナー,Tシヤ"
"561472","アメフト アンターウエア","アメフトアンターウエア"
"561488","アメフト アクセサリー","アメフトアクセサリー"
"561489","アメフト その他ウェア","アメフトソノタウエア"
"561497","アメフト その他","アメフトソノタ"
"5615","ハントホール","ハントホール"
"561501","ハントホール ハック・ケース","ハントホールハツク,"
"561503","ハントホール ホール","ハントホールホール"
"561545","ハントホール その他クッス","ハントホールソノタクツ"
"561547","ハントホール シュース","ハントホールシユース"
"561548","ハントホール シュースアクセサリー","ハントホールシユースア"
"561551","ハントホール トレーニンクウェア","ハントホールトレーニンク"
"561553","ハントホール ウイントフレーカー","ハントホールウイントフ"
"561555","ハントホール スウエット","ハントホールスウエツト"
"561557","ハントホール ケームウェア","ハントホールケームウエ"
"561559","ハントホール トレーナー・Tシャツ","ハントホールトレーナー,"
"561572","ハントホール アンターウエア","ハントホールアンターウ"
"561588","ハントホール アクセサリー","ハントホールアクセサリー"
"561589","ハントホール その他ウェア","ハントホールソノタウエア"
"561597","ハントホール その他","ハントホールソノタ"
"5616","フットサル","フットサル"
"561601","フットサル ハック・ケース","フットサルハツク,ケース"
"561603","フットサル ホール","フットサルホール"
"561605","フットサル キーハークローフ","フットサルキーハークロー"
"561609","フットサル シンカート","フットサルシンカート"
"561645","フットサル その他クッス","フットサルソノタクツス"
"561647","フットサル シュース","フットサルシユース"
"561648","フットサル シュースアクセサリー","フットサルシユースアクセサ"
"561651","フットサル トレーニンクウェア","フットサルトレーニンクウエ"
"561653","フットサル ウイントフレーカー","フットサルウイントフレー"
"561655","フットサル スウエット","フットサルスウエツト"
"561657","フットサル ケームウェア","フットサルケームウエア"
"561659","フットサル トレーナー・Tシャツ","フットサルトレーナー,Tシヤ"
"561672","フットサル アンターウエア","フットサルアンターウエア"
"561688","フットサル アクセサリー","フットサルアクセサリー"
"561689","フットサル その他ウェア","フットサルソノタウエア"
"561697","フットサル その他","フットサルソノタ"
"5618","球技スホーツその他","キユウキスホーツソノタ"
"561801","球技スホーツその他 ハック・ケース","キユウキスホーツソノタハ"
"561803","球技スホーツその他 ホール","キユウキスホーツソノタホ"
"561806","球技スホーツその他 手袋","キユウキスホーツテフク"
"561845","球技スホーツその他 その他クッス","キユウキスホーツソノタソ"
"561847","球技スホーツその他 シュース","キユウキスホーツソノタシ"
"561848","球技スホーツその他 シュースアクセサリー","キユウキスホーツシユース"
"561851","球技スホーツその他 トレーニンクウェア","キユウキスホーツソノタト"
"561853","球技スホーツその他 ウイントフレーカー","キユウキスホーツソノタウ"
"561855","球技スホーツその他 スウエット","キユウキスホーツソノタス"
"561857","球技スホーツその他 ケームウェア","キユウキスホーツソノタケ"
"561859","球技スホーツその他 トレーナー・Tシャツ","キユウキスホーツソノタト"
"561872","球技スホーツその他 アンターウエア","キユウキスホーツアンタ"
"561888","球技スホーツその他 アクセサリー","キユウキスホーツソノタア"
"561889","球技スホーツその他 その他ウェア","キユウキスホーツソノタソ"
"561897","球技スホーツその他 その他","キユウキスホーツソノタキ"
"5620","フィールト・トラック(陸上)","フイールト,トラツク"
"562001","陸上 ハック・ケース","リクシヨウハツク,ケー"
"562012","陸上 フィールト用品","リクシヨウフイールトヨウ"
"562014","陸上 トラック用品","リクシヨウトラツクヨウヒン"
"562045","陸上 その他クッス","リクシヨウソノタクツス"
"562047","陸上 シュース","リクシヨウシユース"
"562048","陸上 シュースアクセサリー","リクシヨウシユースアクセ"
"562051","陸上 トレーニンクウェア","リクシヨウトレーニンクウ"
"562053","陸上 ウイントフレーカー","リクシヨウウイントフレ"
"562055","陸上 スウエット","リクシヨウスウエツト"
"562057","陸上 ケームウェア","リクシヨウケームウエア"
"562059","陸上 トレーナー・Tシャツ","リクシヨウトレーナー,Tシ"
"562072","陸上 アンターウエア","リクシヨウアンターウエア"
"562088","陸上 アクセサリー","リクシヨウアクセサリー"
"562089","陸上 その他ウェア","リクシヨウソノタウエア"
"562097","陸上 その他","リクシヨウソノタ"
"5621","体操(新体操含む)","タイソウ"
"562101","体操(新体操含む) ハック・ケース","タイソウハツク,ケース"
"562103","体操(新体操含む) ホール","タイソウホール"
"562109","体操(新体操含む) 防具","タイソウホウク"
"562116","体操(新体操含む) 競技器具","タイソウキヨウキキク"
"562145","体操(新体操含む) その他クッス","タイソウソノタクツス"
"562147","体操(新体操含む) シュース","タイソウシユース"
"562148","体操(新体操含む) シュースアクセサリー","タイソウシユースアクセサリ"
"562151","体操(新体操含む) トレーニンクウェア","タイソウトレーニンクウエア"
"562153","体操(新体操含む) ウイントフレーカー","タイソウウイントフレーカ"
"562155","体操(新体操含む) スウエット","タイソウスウエツ"
"562157","体操(新体操含む) ケームウェア","タイソウケームウエア"
"562159","体操(新体操含む) トレーナー・Tシャツ","タイソウトレーナ,Tシヤツ"
"562172","体操(新体操含む) アンターウエア","タイソウアンターウエア"
"562188","体操(新体操含む) アクセサリー","タイソウアクセサリー"
"562189","体操(新体操含む) その他ウェア","タイソウソノタウエア"
"562197","体操(新体操含む) その他","タイソウソノタ"
"5622","水泳","スイエイ"
"562201","水泳 ハック・ケース","スイエイハツク,ケース"
"562203","水泳 ホール","スイエイホール"
"562205","水泳 手袋","スイエイテフクロ"
"562209","水泳 防具","スイエイホウク"
"562245","水泳 その他クッス","スイエイソノタクツス"
"562247","水泳 シュース","スイエイシユース"
"562248","水泳 シュースアクセサリー","スイエイシユースアクセサリ"
"562251","水泳 トレーニンクウェア","スイエイトレーニンクウエア"
"562253","水泳 ウイントフレーカー","スイエイウイントフレーカ"
"562255","水泳 スウエット","スイエイスウエツト"
"562257","水泳 競泳着","スイエイキヨウエイキ"
"562258","水泳 水着(競泳着除く)","スイエイミスキ"
"562259","水泳 トレーナー・Tシャツ","スイエイトレーナー,Tシヤツ"
"562272","水泳 アンターウエア","スイエイアンターウエア"
"562288","水泳 アクセサリー","スイエイアクセサリー"
"562289","水泳 その他ウェア","スイエイソノタウエア"
"562297","水泳 その他","スイエイソノタ"
"5630","テニス","テニス"
"563001","テニス ハック・ケース","テニスハツク,ケース"
"563003","テニス ホール","テニスホール"
"563006","テニス 手袋","テニステフクロ"
"563007","テニス ラケット","テニスラケツト"
"563011","テニス カット","テニスカツト"
"563045","テニス その他クッス","テニスソノタクツス"
"563047","テニス シュース","テニスシユース"
"563048","テニス シュースアクセサリー","テニスシユースアクセサリー"
"563051","テニス トレーニンクウェア","テニストレーニンクウエア"
"563053","テニス ウイントフレーカー","テニスウイントフレーカー"
"563055","テニス スウエット","テニススウエツト"
"563057","テニス ケームウェア","テニスケームウエア"
"563059","テニス トレーナー・Tシャツ","テニストレーナー,Tシヤツ"
"563072","テニス アンターウエア","テニスアンターウエア"
"563088","テニス アクセサリー","テニスアクセサリー"
"563089","テニス その他ウェア","テニスソノタウエア"
"563097","テニス その他","テニスソノタ"
"5631","卓球","タツキユウ"
"563101","卓球 ハック・ケース","タツキユウハツク,ケース"
"563103","卓球 ホール","タツキユウホール"
"563107","卓球 ラケット","タツキユウラケツト"
"563111","卓球 ラハー","タツキユウラハー"
"563145","卓球 その他クッス","タツキユウソノタクツス"
"563147","卓球 シュース","タツキユウシユース"
"563148","卓球 シュースアクセサリー","タツキユウシユースアクセサ"
"563151","卓球 トレーニンクウェア","タツキユウトレーニンクウエ"
"563153","卓球 ウイントフレーカー","タツキユウウイントフレー"
"563155","卓球 スウエット","タツキユウスウエツト"
"563157","卓球 ケームウェア","タツキユウケームウエア"
"563159","卓球 トレーナー・Tシャツ","タツキユウトレーナー,Tシヤ"
"563172","卓球 アンターウエア","タツキユウアンターウエア"
"563188","卓球 アクセサリー","タツキユウアクセサリー"
"563189","卓球 その他ウェア","タツキユウソノタウエア"
"563197","卓球 その他","タツキユウソノタ"
"5632","ハトミントン","ハトミントン"
"563201","ハトミントン ハック・ケース","ハトミントンハツク,"
"563203","ハトミントン シャトルコック","ハトミントンシヤトルコツ"
"563207","ハトミントン ラケット","ハトミントンラケツト"
"563211","ハトミントン カット","ハトミントンカツト"
"563245","ハトミントン その他クッス","ハトミントンソノタクツ"
"563247","ハトミントン シュース","ハトミントンシユース"
"563248","ハトミントン シュースアクセサリー","ハトミントンシユースア"
"563251","ハトミントン トレーニンクウェア","ハトミントントレーニンク"
"563253","ハトミントン ウイントフレーカー","ハトミントンウイントフ"
"563255","ハトミントン スウエット","ハトミントンスウエツト"
"563257","ハトミントン ケームウェア","ハトミントンケームウエ"
"563259","ハトミントン トレーナー・Tシャツ","ハトミントントレーナー,"
"563272","ハトミントン アンターウエア","ハトミントンアンターウ"
"563288","ハトミントン アクセサリー","ハトミントンアクセサリー"
"563289","ハトミントン その他ウェア","ハトミントンソノタウエア"
"563297","ハトミントン その他","ハトミントンソノタ"
"5640","コルフ","コルフ"
"564001","コルフ ハック・ケース","コルフハツク,ケース"
"564003","コルフ ホール","コルフホール"
"564006","コルフ 手袋","コルフテフクロ"
"564013","コルフ ウットクラフ","コルフウツトクラフ"
"564015","コルフ アイアンクラフ","コルフアイアンクラフ"
"564017","コルフ ハター","コルフハター"
"564019","コルフ キャティハック","コルフキヤテイハツク"
"564045","コルフ その他クッス","コルフソノタクツス"
"564047","コルフ シュース","コルフシユース"
"564048","コルフ シュースアクセサリー","コルフシユースアクセサリ"
"564051","コルフ ホロシャツ","コルフホロシヤツ"
"564053","コルフ ウイントフレーカー","コルフウイントフレーカ"
"564055","コルフ スウエット","コルフスウエツト"
"564057","コルフ シャツ・セーター","コルフシヤツ,セーター"
"564059","コルフ トレーナー・Tシャツ","コルフトレーナー,Tシヤツ"
"564060","コルフ スラックス","コルフスラツクス"
"564061","コルフ スカート","コルフスカート"
"564072","コルフ アンターウエア","コルフアンターウエア"
"564088","コルフ アクセサリー","コルフアクセサリー"
"564089","コルフ その他ウェア","コルフソノタウエア"
"564097","コルフ その他","コルフソノタ"
"5641","ホッケー","ホツケー"
"564101","ホッケー ハック・ケース","ホツケーハツク,ケース"
"564103","ホッケー ホール","ホツケーホール"
"564105","ホッケー クラフ","ホツケークラフ"
"564107","ホッケー ステイック","ホツケーステイツク"
"564109","ホッケー 防具","ホツケーホウク"
"564145","ホッケー その他クッス","ホツケーソノタクツス"
"564147","ホッケー シュース","ホツケーシユース"
"564148","ホッケー シュースアクセサリー","ホツケーシユースアクセサリ"
"564151","ホッケー トレーニンクウェア","ホツケートレーニンクウエア"
"564153","ホッケー ウイントフレーカー","ホツケーウイントフレーカ"
"564155","ホッケー スウエット","ホツケースウエツト"
"564157","ホッケー ケームウェア","ホツケーケームウエア"
"564159","ホッケー トレーナー・Tシャツ","ホツケートレーナー,Tシヤ"
"564172","ホッケー アンターウエア","ホツケーアンターウエア"
"564188","ホッケー アクセサリー","ホツケーアクセサリー"
"564189","ホッケー その他ウェア","ホツケーソノタウエア"
"564197","ホッケー その他","ホツケーソノタ"
"5642","ケートホール","ケートホール"
"564201","ケートホール ハック・ケース","ケートホールハツク,"
"564203","ケートホール ホール","ケートホールホール"
"564207","ケートホール スティック","ケートホールステイツク"
"564245","ケートホール その他クッス","ケートホールソノタクツ"
"564247","ケートホール シュース","ケートホールシユース"
"564248","ケートホール シュースアクセサリー","ケートホールシユースア"
"564251","ケートホール トレーニンクウェア","ケートホールトレーニンク"
"564253","ケートホール ウイントフレーカー","ケートホールウイントフ"
"564257","ケートホール ケームウェア","ケートホールケームウエ"
"564259","ケートホール トレーナー・Tシャツ","ケートホールトレーナー,"
"564272","ケートホール アンターウエア","ケートホールアンターウ"
"564288","ケートホール アクセサリー","ケートホールアクセサリー"
"564289","ケートホール その他ウェア","ケートホールソノタウエア"
"564297","ケートホール その他","ケートホールソノタ"
"5643","ラクロス","ラクロス"
"564301","ラクロス ハック・ケース","ラクロスハツク,ケース"
"564303","ラクロス ホール","ラクロスホール"
"564307","ラクロス スティック","ラクロスステイツク"
"564309","ラクロス 防具","ラクロスホウク"
"564345","ラクロス その他クッス","ラクロスソノタクツス"
"564347","ラクロス シュース","ラクロスシユース"
"564348","ラクロス シュースアクセサリー","ラクロスシユースアクセサリ"
"564351","ラクロス トレーニンクウェア","ラクロストレーニンクウエア"
"564353","ラクロス ウイントフレーカー","ラクロスウイントフレーカ"
"564355","ラクロス スウエット","ラクロススウエツト"
"564357","ラクロス ケームウェア","ラクロスケームウエア"
"564359","ラクロス トレーナー・Tシャツ","ラクロストレーナー,Tシヤ"
"564372","ラクロス アンターウエア","ラクロスアンターウエア"
"564388","ラクロス アクセサリー","ラクロスアクセサリー"
"564389","ラクロス その他ウェア","ラクロスソノタウエア"
"564397","ラクロス その他","ラクロスソノタ"
"5648","クラフ競技その他","クラフキヨウキソノタ"
"564801","クラフ競技その他 ハック・ケース","クラフキヨウキソノタハ"
"564803","クラフ競技その他 ホール","クラフキヨウキソノタホ"
"564806","クラフ競技その他 手袋","クラフキヨウキソノタテフ"
"564807","クラフ競技その他 スティック","クラフキヨウキソノタテイ"
"564845","クラフ競技その他 その他クッス","クラフキヨウキソノタソノ"
"564847","クラフ競技その他 シュース","クラフキヨウキソノタシユ"
"564848","クラフ競技その他 シュースアクセサリー","クラフキヨウキソノタシユ"
"564851","クラフ競技その他 トレーニンクウェア","クラフキヨウキソノタトレ"
"564853","クラフ競技その他 ウイントフレーカー","クラフキヨウキソノタウイ"
"564855","クラフ競技その他 スウエット","クラフキヨウキソノタスウ"
"564859","クラフ競技その他 トレーナー・Tシャツ","クラフキヨウキソノタトレ"
"564872","クラフ競技その他 アンターウエア","クラフキヨウキソノタアン"
"564888","クラフ競技その他 アクセサリー","クラフキヨウキソノタアク"
"564889","クラフ競技その他 その他ウェア","クラフキヨウキソノタソノ"
"564897","クラフ競技その他 その他","クラフキヨウキソノタソノ"
"5650","スキー","スキー"
"565001","スキー ハック・ケース","スキーハツク,ケース"
"565009","スキー 防具","スキーホウク"
"565021","スキー ホール","スキーホール"
"565023","スキー 締具","スキーシメク"
"565025","スキー スキー板","スキースキーイタ"
"565027","スキー スキー靴","スキースキークツ"
"565045","スキー その他クッス","スキーソノタクツス"
"565047","スキー シュース","スキーシユース"
"565048","スキー シュースアクセサリー","スキーシユースアクセサリー"
"565051","スキー トレーニンクウェア","スキートレーニンクウエア"
"565053","スキー ウイントフレーカー","スキーウイントフレーカー"
"565055","スキー スウエット","スキースウエツト"
"565057","スキー セーター","スキーセーター"
"565059","スキー トレーナー・Tシャツ","スキートレーナー,Tシヤツ"
"565063","スキー シャケット","スキーシヤケツト"
"565065","スキー スーツ","スキースーツ"
"565067","スキー スキーハンツ","スキースキーハンツ"
"565072","スキー アンターウエア","スキーアンターウエア"
"565088","スキー アクセサリー","スキーアクセサリー"
"565089","スキー その他ウェア","スキーソノタウエア"
"565097","スキー その他","スキーソノタ"
"5651","アイススケート","アイススケート"
"565101","アイススケート ハック・ケース","アイススケートハツク,ケ"
"565109","アイススケート 防具","アイススケートホウク"
"565145","アイススケート その他クッス","アイススケートソノタクツス"
"565147","アイススケート シュース","アイススケートシユース"
"565148","アイススケート シュースアクセサリー","アイススケートシユースアク"
"565151","アイススケート トレニンクウェア","アイススケートトレニンクウ"
"565153","アイススケート ウイントフレーカー","アイススケートウイントフ"
"565155","アイススケート スウエット","アイススケートスウエツト"
"565157","アイススケート コスチューム","アイススケートコスチユーム"
"565159","アイススケート トレーナー・Tシャツ","アイススケートトレーナー,T"
"565172","アイススケート アンターウエア","アイススケートアンターウエ"
"565188","アイススケート アクセサリー","アイススケートアクセサリー"
"565189","アイススケート その他ウェア","アイススケートソノタウエア"
"565197","アイススケート その他","アイススケートソノタ"
"5652","アイスホッケー","アイスホツケー"
"565201","アイスホッケー ハック・ケース","アイスホツケーハツク,ケ"
"565203","アイスホッケー ハック","アイスホツケーハツク"
"565205","アイスホッケー クラフ","アイスホツケークラフ"
"565209","アイスホッケー 防具","アイスホツケーホウク"
"565245","アイスホッケー その他クッス","アイスホツケーソノタクツス"
"565247","アイスホッケー シュース","アイスホツケーシユース"
"565248","アイスホッケー シュースアクセサリー","アイスホツケーシユースアク"
"565251","アイスホッケー トレーニンクウェア","アイスホツケートレーニンク"
"565253","アイスホッケー ウイントフレーカー","アイスホツケーウイントフ"
"565257","アイスホッケー ケームウェア","アイスホツケーケームウエア"
"565259","アイスホッケー トレーナー・Tシャツ","アイスホツケートレーナー,T"
"565272","アイスホッケー アンターウエア","アイスホツケーアンターウエ"
"565288","アイスホッケー アクセサリー","アイスホツケーアクセサリー"
"565289","アイスホッケー その他ウェア","アイスホツケーソノタウエア"
"565297","アイスホッケー その他","アイスホツケーソノタ"
"5653","スノーホート","スノーホート"
"565301","スノーホート ハック・ケース","スノーホートハツク,"
"565325","スノーホート スノーホート","スノーホートスノーホー"
"565345","スノーホート その他クッス","スノーホートソノタクツ"
"565347","スノーホート シュース","スノーホートシユース"
"565348","スノーホート シュースアクセサリー","スノーホートシユースア"
"565351","スノーホート トレーニンクウェア","スノーホートトレーニンク"
"565353","スノーホート ウイントフレーカー","スノーホートウイントフ"
"565355","スノーホート スウエット","スノーホートスウエツト"
"565359","スノーホート トレーナー・Tシャツ","スノーホートトレーナー,"
"565363","スノーホート シャケット","スノーホートシヤケツト"
"565372","スノーホート アンターウエア","スノーホートアンターウ"
"565388","スノーホート アクセサリー","スノーホートアクセサリー"
"565389","スノーホート その他ウェア","スノーホートソノタウエア"
"565397","スノーホート その他","スノーホートソノタ"
"5658","ウインタースホーツ・その他(ウインタSP","ウインタースホーツソノタ"
"565801","ウインターSP他 ハック・ケース","ウインターSPタハツク,"
"565845","ウインターSP他 その他クッス","ウインターSPタソノタクツ"
"565847","ウインターSP他 シュース","ウインターSPタシユース"
"565848","ウインターSP他 シュースアクセサリー","ウインターSPシユースアク"
"565851","ウインターSP他 トレーニンクウェア","ウインターSPタトレーニンク"
"565853","ウインターSP他 ウイントフレーカー","ウインターSPタウイントフ"
"565855","ウインターSP他 スウエット","ウインターSPタスウエツト"
"565859","ウインターSP他 トレーナー・Tシャツ","ウインターSPタトレーナー,"
"565872","ウインターSP他 アンターウエア","ウインターSPアンターウエ"
"565888","ウインターSP他 アクセサリー","ウインターSPタアクセサリ"
"565889","ウインターSP他 その他ウェア","ウインターSPタソノタウエ"
"565897","ウインターSP他 その他","ウインターSPタソノタ"
"5660","タイヒンク","タイヒンク"
"566029","タイヒンク マスク","タイヒンクマスク"
"566031","タイヒンク 足ヒレ","タイヒンクアシヒレ"
"566033","タイヒンク タンク","タイヒンクタンク"
"566034","タイヒンク レキュレーター","タイヒンクレキユレー"
"566035","タイヒンク ウエットスーツ","タイヒンクウエツトスー"
"566045","タイヒンク その他クッス","タイヒンクソノタクツ"
"566047","タイヒンク シュース","タイヒンクシユース"
"566048","タイヒンク シュースアクセサリー","タイヒンクシユースア"
"566055","タイヒンク スウエット","タイヒンクスウエツト"
"566058","タイヒンク 水着","タイヒンクミスキ"
"566059","タイヒンク トレーナー・Tシャツ","タイヒンクトレーナー,"
"566088","タイヒンク アクセサリー","タイヒンクアクセサリー"
"566089","タイヒンク その他ウェア","タイヒンクソノタウエア"
"566097","タイヒンク その他","タイヒンクソノタ"
"5661","サーフ・ホートセーリンク(サーフ&ホート","サーフイン,ホートセーリ"
"566135","サーフ&ホート ウエットスーツ","サーフ&ホートウエツトス"
"566137","サーフ&ホート ホート","サーフ&ホートホート"
"566145","サーフ&ホート その他クッス","サーフ&ホートソノタク"
"566147","サーフ&ホート シュース","サーフ&ホートシユース"
"566148","サーフ&ホート シュースアクセサリー","サーフ&ホートシユース"
"566155","サーフ&ホート スウエット","サーフ&ホートスウエツト"
"566158","サーフ&ホート 水着","サーフ&ホートミスキ"
"566159","サーフ&ホート トレーナー・Tシャツ","サーフ&ホートトレーナー"
"566172","サーフ&ホート アンターウエア","サーフ&ホートアンター"
"566188","サーフ&ホート アクセサリー","サーフ&ホートアクセサリ"
"566189","サーフ&ホート その他ウェア","サーフ&ホートソノタウエ"
"566197","サーフ&ホート その他","サーフ&ホートソノタ"
"5662","ヨット・モーターホート(ヨット・Mホート","ヨツト,モーターホート"
"566235","ヨット・Mホート ウエットスーツ","ヨツト,Mホートウエツト"
"566237","ヨット・Mホート 艇","ヨツト,Mホートテイ"
"566245","ヨット・Mホート その他クッス","ヨツト,Mホートソノタク"
"566247","ヨット・Mホート シュース","ヨツト,Mホートシユース"
"566248","ヨット・Mホート シュースアクセサリー","ヨツト,Mホートシユース"
"566251","ヨット・Mホート トレーニンクウェア","ヨツト,Mホートトレーニ"
"566253","ヨット・Mホート ウイントフレーカー","ヨツト,Mホートウイント"
"566255","ヨット・Mホート スウエット","ヨツト,Mホートスウエツ"
"566257","ヨット・Mホート ケームウェア","ヨツト,Mホートケーム"
"566259","ヨット・Mホート トレーナー・Tシャツ","ヨツト,Mホートトレーナ"
"566272","ヨット・Mホート アンターウエア","ヨツト,Mホートアンタ"
"566288","ヨット・Mホート アクセサリー","ヨツト,Mホートアクセサ"
"566289","ヨット・Mホート その他ウェア","ヨツト,Mホートソノタウ"
"566297","ヨット・Mホート その他","ヨツト,Mホートソノタ"
"5663","カヌー・カヤック・ホート(カヌー・カヤッ","カヌー,カヤツク,ホート"
"566307","カヌー・カヤック ハトル・オール","カヌー,カヤツクハトル,"
"566309","カヌー・カヤック 防具(セーフティキア)","カヌー,カヤツクホウク("
"566335","カヌー・カヤック ウエットスーツ","カヌー,カヤツクウエツトスー"
"566337","カヌー・カヤック 艇","カヌー,カヤツクテイ"
"566345","カヌー・カヤック その他クッス","カヌー,カヤツクソノタクツ"
"566347","カヌー・カヤック シュース","カヌー,カヤツクシユース"
"566348","カヌー・カヤック シュースアクセサリー","カヌー,カヤツクシユースア"
"566351","カヌー・カヤック トレーニンクウェア","カヌー,カヤツクトレーニンク"
"566353","カヌー・カヤック ウイントフレーカー","カヌー,カヤツクウイントフ"
"566355","カヌー・カヤック スウエット","カヌー,カヤツクスウエツト"
"566357","カヌー・カヤック ケームウェア","カヌー,カヤツクケームウエ"
"566359","カヌー・カヤック トレーナー・Tシャツ","カヌー,カヤツクトレーナー,"
"566372","カヌー・カヤック アンターウエア","カヌー,カヤツクアンターウ"
"566388","カヌー・カヤック アクセサリー","カヌー,カヤツクアクセサリ"
"566389","カヌー・カヤック その他ウェア","カヌー,カヤツクソノタウエ"
"566397","カヌー・カヤック その他","カヌー,カヤツクソノタ"
"5668","マリンスホーツその他(マリンSP他)","マリンスホーツソノタ"
"566801","マリンSP他 ハック・ケース","マリンSPタハツク,ケー"
"566845","マリンSP他 その他クッス","マリンSPタソノタクツス"
"566847","マリンSP他 シュース","マリンSPタシユース"
"566848","マリンSP他 シュースアクセサリー","マリンSPタシユースアクセ"
"566851","マリンSP他 トレーニンクウェア","マリンSPタトレーニンクウ"
"566853","マリンSP他 ウイントフレーカー","マリンSPタウイントフレ"
"566855","マリンSP他 スウエット","マリンSPタスウエツト"
"566859","マリンSP他 トレーナー・Tシャツ","マリンSPタトレーナー,Tシ"
"566872","マリンSP他 アンターウエア","マリンSPタアンターウエア"
"566888","マリンSP他 アクセサリー","マリンSPタアクセサリー"
"566889","マリンSP他 その他ウェア","マリンSPタソノタウエア"
"566897","マリンSP他 その他","マリンSPタソノタ"
"5670","ホクシンク","ホクシンク"
"567001","ホクシンク ハック・ケース","ホクシンクハツク,ケ"
"567005","ホクシンク クローフ","ホクシンククローフ"
"567009","ホクシンク 防具","ホクシンクホウク"
"567045","ホクシンク その他クッス","ホクシンクソノタクツス"
"567047","ホクシンク シュース","ホクシンクシユース"
"567048","ホクシンク シュースアクセサリー","ホクシンクシユースアク"
"567051","ホクシンク トレーニンクウェア","ホクシンクトレーニンク"
"567053","ホクシンク ウイントフレーカー","ホクシンクウイントフ"
"567055","ホクシンク スウエット","ホクシンクスウエツト"
"567057","ホクシンク カウン・ハンツ","ホクシンクカウン,ハ"
"567059","ホクシンク トレーナー・Tシャツ","ホクシンクトレーナー,T"
"567072","ホクシンク アンターウエア","ホクシンクアンターウエ"
"567088","ホクシンク アクセサリー","ホクシンクアクセサリー"
"567089","ホクシンク その他ウェア","ホクシンクソノタウエア"
"567097","ホクシンク その他","ホクシンクソノタ"
"5671","アーチェリー・弓道","アーチエリー,キユウトウ"
"567101","アーチェリー・弓道 矢筒","アーチエリー,キユウトウヤ"
"567103","アーチェリー・弓道 矢","アーチエリー,キユウトウヤ"
"567107","アーチェリー・弓道 弓","アーチエリー,キユウトウユ"
"567109","アーチェリー・弓道 防具","アーチエリー,キユウトウホ"
"567145","アーチェリー・弓道 その他クッス","アーチエリー,キユウトウソ"
"567147","アーチェリー・弓道 シュース","アーチエリー,キユウトウシ"
"567148","アーチェリー・弓道 シュースアクセサリー","アーチエリー,キユウトウシ"
"567151","アーチェリー・弓道 トレーニンクウェア","アーチエリー,キユウトウト"
"567153","アーチェリー・弓道 ウイントフレーカー","アーチエリー,キユウトウウ"
"567155","アーチェリー・弓道 スウエット","アーチエリー,キユウトウス"
"567157","アーチェリー・弓道 ケームウェア","アーチエリー,キユウトウケ"
"567159","アーチェリー・弓道 トレーナー・Tシャツ","アーチエリー,キユウトウト"
"567172","アーチェリー・弓道 アンターウエア","アーチエリー,キユウトウア"
"567188","アーチェリー・弓道 アクセサリー","アーチエリー,キユウトウア"
"567189","アーチェリー・弓道 その他ウェア","アーチエリー,キユウトウソ"
"567197","アーチェリー・弓道 その他","アーチエリー,キユウトウソ"
"5672","フェンシンク","フエンシンク"
"567201","フェンシンク ハック・ケース","フエンシンクハツク,ケ"
"567205","フェンシンク クラフ","フエンシンククラフ"
"567207","フェンシンク 剣","フエンシンクケン"
"567209","フェンシンク 防具","フエンシンクホウク"
"567245","フェンシンク その他クッス","フエンシンクソノタクツス"
"567247","フェンシンク シュース","フエンシンクシユース"
"567248","フェンシンク シュースアクセサリー","フエンシンクシユースアク"
"567251","フェンシンク トレーニンクウェア","フエンシンクトレーニンク"
"567253","フェンシンク ウイントフレーカー","フエンシンクウイントフ"
"567257","フェンシンク ユニフォーム","フエンシンクユニフオーム"
"567259","フェンシンク トレーナー・Tシャツ","フエンシンクトレーナー,T"
"567272","フェンシンク アンターウエア","フエンシンクアンターウエ"
"567288","フェンシンク アクセサリー","フエンシンクアクセサリー"
"567289","フェンシンク その他ウェア","フエンシンクソノタウエア"
"567297","フェンシンク その他","フエンシンクソノタ"
"5673","レスリンク・すもう","レスリンク,スモウ"
"567301","レスリンク・すもう ハック・ケース","レスリンク,スモウハツク"
"567345","レスリンク・すもう その他クッス","レスリンク,スモウソノタク"
"567347","レスリンク・すもう シュース","レスリンク,スモウシユース"
"567348","レスリンク・すもう シュースアクセサリー","レスリンク,スモウシユース"
"567351","レスリンク・すもう トレーニンクウェア","レスリンク,スモウトレーニ"
"567353","レスリンク・すもう ウイントフレーカー","レスリンク,スモウウイント"
"567355","レスリンク・すもう スウエット","レスリンク,スモウスウエツ"
"567357","レスリンク・すもう ユニフォーム・まわし","レスリンク,スモウユニフオ"
"567359","レスリンク・すもう トレーナー・Tシャツ","レスリンク,スモウトレーナ"
"567372","レスリンク・すもう アンターウエア","レスリンク,スモウアンタ"
"567388","レスリンク・すもう アクセサリー","レスリンク,スモウアクセサ"
"567389","レスリンク・すもう その他ウェア","レスリンク,スモウソノタウ"
"567397","レスリンク・すもう その他","レスリンク,スモウソノタ"
"5674","柔道・空手","シユウトウ,カラテ"
"567401","柔道・空手 ハック・ケース","シユウトウ,カラテハツ"
"567409","柔道・空手 防具","シユウトウ,カラテホウ"
"567445","柔道・空手 その他クッス","シユウトウ,カラテソノタ"
"567451","柔道・空手 トレーニンクウェア","シユウトウ,カラテトレー"
"567453","柔道・空手 ウイントフレーカー","シユウトウ,カラテウイン"
"567457","柔道・空手 柔道衣・空手衣","シユウトウ,カラテシユ"
"567472","柔道・空手 アンターウエア","シユウトウ,カラテアンタ"
"567488","柔道・空手 アクセサリー","シユウトウ,カラテアクセ"
"567489","柔道・空手 その他ウェア","シユウトウ,カラテソノタ"
"567497","柔道・空手 その他","シユウトウ,カラテソノタ"
"5675","剣道・なきなた","ケントウ,ナキナタ"
"567501","剣道・なきなた ハック・ケース","ケントウ,ナキナタハツ"
"567507","剣道・なきなた 竹刀・なきなた","ケントウ,ナキナタシナイ"
"567509","剣道・なきなた 防具","ケントウ,ナキナタホウ"
"567545","剣道・なきなた その他クッス","ケントウ,ナキナタソノタ"
"567551","剣道・なきなた トレーニンクウェア","ケントウ,ナキナタトレー"
"567553","剣道・なきなた ウイントフレーカー","ケントウ,ナキナタウイン"
"567557","剣道・なきなた 剣道衣・なきなた衣","ケントウ,ナキナタケント"
"567572","剣道・なきなた アンターウエア","ケントウ,ナキナタアンタ"
"567588","剣道・なきなた アクセサリー","ケントウ,ナキナタアクセ"
"567589","剣道・なきなた その他ウェア","ケントウ,ナキナタソノタ"
"567597","剣道・なきなた その他","ケントウ,ナキナタソノタ"
"5676","射撃","シヤケキ"
"567601","射撃 ハック・ケース","シヤケキハツク,ケース"
"567603","射撃 弾丸・クレー","シヤケキタンカン,クレ"
"567606","射撃 手袋","シヤケキテフクロ"
"567609","射撃 防具","シヤケキホウク"
"567639","射撃 銃","シヤケキシユウ"
"567645","射撃 その他クッス","シヤケキソノタクツス"
"567647","射撃 シュース","シヤケキシユース"
"567648","射撃 シュースアクセサリー","シヤケキシユースアクセサ"
"567651","射撃 トレーニンクウェア","シヤケキトレーニンクウエ"
"567653","射撃 ウイントフレーカー","シヤケキウイントフレー"
"567655","射撃 スウエット","シヤケキスウエツト"
"567657","射撃 ケームウェア","シヤケキケームウエア"
"567659","射撃 トレーナー・Tシャツ","シヤケキトレーナー,Tシヤ"
"567672","射撃 アンターウエア","シヤケキアンターウエア"
"567688","射撃 アクセサリー","シヤケキアクセサリー"
"567689","射撃 その他ウェア","シヤケキソノタウエア"
"567697","射撃 その他","シヤケキソノタ"
"5677","乗馬・馬術","シヨウハ,ハシユツ"
"567701","乗馬・馬術 ハック・ケース","シヨウハ,ハシユツハ"
"567707","乗馬・馬術 ヘン","シヨウハ,ハシユツヘ"
"567709","乗馬・馬術 防具","シヨウハ,ハシユツホ"
"567741","乗馬・馬術 引手・鞍","シヨウハ,ハシユツヒ"
"567745","乗馬・馬術 その他クッス","シヨウハ,ハシユツソ"
"567747","乗馬・馬術 シュース","シヨウハ,ハシユツシ"
"567748","乗馬・馬術 シュースアクセサリー","シヨウハ,ハシユツシ"
"567751","乗馬・馬術 シャツ","シヨウハ,ハシユツシ"
"567753","乗馬・馬術 フラウス","シヨウハ,ハシユツフ"
"567757","乗馬・馬術 乗馬服","シヨウハ,ハシユツシ"
"567772","乗馬・馬術 アンターウエア","シヨウハ,ハシユツア"
"567788","乗馬・馬術 アクセサリー","シヨウハ,ハシユツア"
"567789","乗馬・馬術 その他ウェア","シヨウハ,ハシユツソ"
"567797","乗馬・馬術 その他","シヨウハ,ハシユツソ"
"5678","武道その他","フトウソノタ"
"567801","武道その他 ハック・ケース","フトウソノタハツク,"
"567807","武道その他 武道刀","フトウソノタフトウカ"
"567809","武道その他 防具","フトウソノタホウク"
"567845","武道その他 その他クッス","フトウソノタソノタクツ"
"567847","武道その他 シュース","フトウソノタシユース"
"567848","武道その他 シュースアクセサリー","フトウソノタシユースア"
"567851","武道その他 トレーニンクウェア","フトウソノタトレーニンク"
"567853","武道その他 ウイントフレーカー","フトウソノタウイントフ"
"567855","武道その他 スウエット","フトウソノタスウエツト"
"567857","武道その他 武道衣","フトウソノタフトウキ"
"567859","武道その他 トレーナー・Tシャツ","フトウソノタトレーナー,"
"567872","武道その他 アンターウエア","フトウソノタアンターウ"
"567888","武道その他 アクセサリー","フトウソノタアクセサリー"
"567889","武道その他 その他ウェア","フトウソノタソノタウエア"
"567897","武道その他 その他","フトウソノタソノタ"
"5680","登山・ハイキンク・キャンフ(登山・キャン","トサン,ハイキンク,キヤ"
"568001","登山・キャンフ サック","トサン,キヤンフサツク"
"568009","登山・キャンフ 防具","トサン,キヤンフホウク"
"568042","登山・キャンフ 調理具","トサン,キヤンフチヨウリ"
"568043","登山・キャンフ シュラフ","トサン,キヤンフシユラフ"
"568044","登山・キャンフ テント・シート","トサン,キヤンフテント,"
"568045","登山・キャンフ その他クッス","トサン,キヤンフソノタク"
"568047","登山・キャンフ シュース","トサン,キヤンフシユース"
"568048","登山・キャンフ シュースアクセサリー","トサン,キヤンフシユース"
"568051","登山・キャンフ トレーニンクウェア","トサン,キヤンフトレーニ"
"568053","登山・キャンフ ウイントフレーカー","トサン,キヤンフウイント"
"568057","登山・キャンフ セーター","トサン,キヤンフセーター"
"568069","登山・キャンフ 防寒着","トサン,キヤンフホウカ"
"568071","登山・キャンフ ニッカーハンツ","トサン,キヤンフニツカー"
"568072","登山・キャンフ アンターウエア","トサン,キヤンフアンタ"
"568088","登山・キャンフ アクセサリー","トサン,キヤンフアクセサ"
"568089","登山・キャンフ その他ウェア","トサン,キヤンフソノタウ"
"568097","登山・キャンフ その他","トサン,キヤンフソノタ"
"5681","フイッシンク","フイツシンク"
"568101","釣り竿(カーホンロット)","ツリサオ(カーホンロツト"
"568102","釣り竿(フェノール、新素材)","ツリサオ(フエノール,シンソ"
"568104","釣用リール","ツリヨウリール"
"568111","釣糸","ツリイト"
"568112","釣針","ツリハリ"
"568113","仕掛・毛針・擬似餌","シカケ,ケハリ,キシエ"
"568114","ウキ","ウキ"
"568121","釣餌","ツリエサ"
"568131","ルアー","ルアー"
"568132","フライ","フライ"
"568141","フイッシンクウェア","フイツシンクウエア"
"568142","釣用履物・身の回り品","ツリヨウハキモノ,ミノマワリ"
"568151","釣用ハック・ケース類","ツリヨウハツク,ケースル"
"568152","釣用クーラー","ツリヨウクーラー"
"568153","釣用照明器具","ツリヨウシヨウメイキク"
"568154","仕掛部材","シカケフサイ"
"568155","釣用工具・器具","ツリヨウコウク,キク"
"568156","釣用加工・補修部材","ツリヨウカコウ,ホシユウフ"
"568157","フィッシンク その他","フイツシンクソノタ"
"5682","サイクリンク","サイクリンク"
"568201","サイクリンク ハック・ケース","サイクリンクハツク,ケ"
"568206","サイクリンク 手袋","サイクリンクテフクロ"
"568240","サイクリンク 自転車","サイクリンクシテンシヤ"
"568245","サイクリンク その他クッス","サイクリンクソノタクツス"
"568247","サイクリンク シュース","サイクリンクシユース"
"568248","サイクリンク シュースアクセサリー","サイクリンクシユースアク"
"568251","サイクリンク トレーニンクウェア","サイクリンクトレーニンク"
"568253","サイクリンク ウイントフレーカー","サイクリンクウイントフ"
"568255","サイクリンク スウエット","サイクリンクスウエツト"
"568257","サイクリンク ケームウェア","サイクリンクケームウエア"
"568259","サイクリンク トレーナー・Tシャツ","サイクリンクトレーナー,T"
"568272","サイクリンク アンターウエア","サイクリンクアンターウエ"
"568288","サイクリンク アクセサリー","サイクリンクアクセサリー"
"568289","サイクリンク その他ウェア","サイクリンクソノタウエア"
"568297","サイクリンク その他","サイクリンクソノタ"
"5683","トライアスロン","トライアスロン"
"568301","トライアスロン ハック・ケース","トライアスロンハツク,ケ"
"568306","トライアスロン 手袋","トライアスロンテフクロ"
"568340","トライアスロン 自転車","トライアスロンシテンシヤ"
"568345","トライアスロン その他クッス","トライアスロンソノタクツス"
"568347","トライアスロン シュース","トライアスロンシユース"
"568348","トライアスロン シュースアクセサリー","トライアスロンシユースアク"
"568351","トライアスロン トレーニンクウェア","トライアスロントレーニンク"
"568353","トライアスロン ウイントフレーカー","トライアスロンウイントフ"
"568357","トライアスロン ケームウェア","トライアスロンケームウエア"
"568359","トライアスロン トレーナー・Tシャツ","トライアスロンレーナー,Tシ"
"568372","トライアスロン アンターウエア","トライアスロンアンターウエ"
"568388","トライアスロン アクセサリー","トライアスロンアクセサリー"
"568389","トライアスロン その他ウェア","トライアスロンソノタウエア"
"568397","トライアスロン その他","トライアスロンソノタ"
"5688","レシャースホーツその他(レシャーSP他)","レシヤースホーツソノタ"
"568801","レシャーSP他 ハック・ケース","レシヤーSPタハツク,"
"568845","レシャーSP他 その他クッス","レシヤーSPタソノタクツ"
"568847","レシャーSP他 シュース","レシヤーSPタシユース"
"568848","レシャーSP他 シュースアクセサリー","レシヤーSPタシユースア"
"568851","レシャーSP他 トレーニンクウェア","レシヤーSPタトレーニンク"
"568853","レシャーSP他 ウイントフレーカー","レシヤーSPタウイントフ"
"568857","レシャーSP他 ケームウェア","レシヤーSPタケームウエ"
"568859","レシャーSP他 トレーナー・Tシャツ","レシヤーSPタトレーナー,"
"568872","レシャーSP他 アンターウエア","レシヤーSPタアンターウ"
"568888","レシャーSP他 アクセサリー","レシヤーSPタアクセサリー"
"568889","レシャーSP他 その他ウェア","レシヤーSPタソノタウエア"
"568897","レシャーSP他 その他","レシヤーSPタソノタ"
"5690","ショキンク","シヨキンク"
"569001","ショキンク ハック・ケース","シヨキンクハツク,"
"569045","ショキンク その他クッス","シヨキンクソノタク"
"569047","ショキンク シュース","シヨキンクシユース"
"569048","ショキンク シュースアクセサリー","シヨキンクシユースア"
"569051","ショキンク トレーニンクウェア","シヨキンクトレーニンク"
"569053","ショキンク ウイントフレーカー","シヨキンクウイントフ"
"569055","ショキンク スウエット","シヨキンクスウエツト"
"569059","ショキンク トレーナー・Tシャツ","シヨキンクトレーナ,T"
"569072","ショキンク アンターウエア","シヨキンクアンターウ"
"569088","ショキンク アクセサリー","シヨキンクアクセサリー"
"569089","ショキンク その他ウェア","シヨキンクソノタウエア"
"569097","ショキンク その他","シヨキンクソノタ"
"5691","トレーニンク","トレーニンク"
"569101","トレーニンク ハック・ケース","トレーニンクハツク,ケ"
"569145","トレーニンク その他クッス","トレーニンクソノタクツス"
"569147","トレーニンク シュース","トレーニンクシユース"
"569148","トレーニンク シュースアクセサリー","トレーニンクシユースアク"
"569151","トレーニンク トレーニンクウェア","トレーニンクトレーニンク"
"569153","トレーニンク ウイントフレーカー","トレーニンクウイントフ"
"569155","トレーニンク スウエット","トレーニンクスウエツト"
"569157","トレーニンク ケームウェア","トレーニンクケームウエア"
"569159","トレーニンク トレーナー・Tシャツ","トレーニンクトレーナー,T"
"569172","トレーニンク アンターウエア","トレーニンクアンターウエ"
"569188","トレーニンク アクセサリー","トレーニンクアクセサリー"
"569189","トレーニンク その他ウェア","トレーニンクソノタウエア"
"569197","トレーニンク その他","トレーニンクソノタ"
"5692","フィットネス","フイツトネス"
"569201","フィットネス ハック・ケース","フイツトネスハツク,ケー"
"569245","フィットネス その他クッス","フイツトネスソノタクツス"
"569247","フィットネス シュース","フイツトネスシユース"
"569248","フィットネス シュースアクセサリー","フイツトネスシユースアクセ"
"569251","フィットネス トレーニンクウェア","フイツトネストレーニンクウ"
"569253","フィットネス ウイントフレーカー","フイツトネスウイントフレ"
"569255","フィットネス スウエット","フイツトネススウエツト"
"569257","フィットネス ケームウェア","フイツトネスケームウエア"
"569259","フィットネス トレーナー・Tシャツ","フイツトネストレーナー,Tシ"
"569272","フィットネス アンターウエア","フイツトネスアンターウエア"
"569288","フィットネス アクセサリー","フイツトネスアクセサリー"
"569289","フィットネス その他ウェア","フイツトネスソノタウエア"
"569297","フィットネス その他","フイツトネスソノタ"
"5693","ウォーキンク","ウオーキンク"
"569301","ウォーキンク ハック・ケース","ウオーキンクハツク,ケ"
"569345","ウォーキンク その他クッス","ウオーキンクソノタクツス"
"569347","ウォーキンク シュース","ウオーキンクシユース"
"569348","ウォーキンク シュースアクセサリー","ウオーキンクシユースアク"
"569351","ウォーキンク トレーニンクウェア","ウオーキンクトレーニンク"
"569353","ウォーキンク ウイントフレーカー","ウオーキンクウイントフ"
"569355","ウォーキンク スウエット","ウオーキンクスウエツト"
"569359","ウォーキンク トレーナー・Tシャツ","ウオーキンクトレーナー,T"
"569372","ウォーキンク アンターウエア","ウオーキンクアンターウエ"
"569388","ウォーキンク アクセサリー","ウオーキンクアクセサリー"
"569389","ウォーキンク その他ウェア","ウオーキンクソノタウエア"
"569397","ウォーキンク その他","ウオーキンクソノタ"
"5694","スホーツカシュアル","スホーツカシユアル"
"569401","スホーツカシュアル ハック・ケース","スホーツカシユアルハツ"
"569445","スホーツカシュアル その他クッス","スホーツカシユアルソノタ"
"569447","スホーツカシュアル シュース","スホーツカシユアルシユー"
"569448","スホーツカシュアル シュースアクセサリー","スホーツカシユアルシユー"
"569451","スホーツカシュアル トレーニンクウェア","スホーツカシユアルトレー"
"569453","スホーツカシュアル ウイントフレーカー","スホーツカシユアルウイン"
"569455","スホーツカシュアル スウエット","スホーツカシユアルスウエ"
"569459","スホーツカシュアル トレーナー・Tシャツ","スホーツカシユアルトレー"
"569472","スホーツカシュアル アンターウエア","スホーツカシユアルアンタ"
"569488","スホーツカシュアル アクセサリー","スホーツカシユアルアクセ"
"569489","スホーツカシュアル その他ウェア","スホーツカシユアルソノタ"
"569497","スホーツカシュアル その他","スホーツカシユアルソノタ"
"5695","スクール(学校体育)","スクール(カツコウタイイク"
"569501","スクール(学校体育) ハック・ケース","スクールハツク,ケース"
"569545","スクール(学校体育) その他クッス","スクールソノタクツス"
"569547","スクール(学校体育) シュース","スクールシユース"
"569548","スクール(学校体育) シュースアクセサリ","スクールシユースアクセサリ"
"569551","スクール(学校体育) トレーニンクウェア","スクールトレーニンクウエア"
"569553","スクール(学校体育) ウイントフレーカー","スクールウイントフレーカ"
"569555","スクール(学校体育) スウエット","スクールスウエツト"
"569559","スクール(学校体育) トレーナー・Tシャ","スクールトレーナー,Tシヤツ"
"569572","スクール(学校体育) アンターウエア","スクールアンターウエア"
"569588","スクール(学校体育) アクセサリー","スクールアクセサリー"
"569589","スクール(学校体育) その他ウェア","スクールソノタウエア"
"569597","スクール(学校体育) その他","スクールソノタ"
"5696","キッス・インファント","キツス,インフアント"
"569601","キッス・インファント ハック・ケース","キツス,インフアントハツ"
"569645","キッス・インファント その他クッス","キツス,インフアントソノタ"
"569647","キッス・インファント シュース","キツス,インフアントシユー"
"569648","キッス・インファント シュースアクセサリ","キツス,インフアントシユー"
"569651","キッス・インファント トレーニンクウェア","キツス,インフアントトレー"
"569653","キッス・インファント ウイントフレーカー","キツス,インフアントウイン"
"569655","キッス・インファント スウエット","キツス,インフアントスウエ"
"569659","キッス・インファント トレーナー・Tシャ","キツス,インフアントトレー"
"569672","キッス・インファント アンターウエア","キツス,インフアントアンタ"
"569688","キッス・インファント アクセサリー","キツス,インフアントアクセ"
"569689","キッス・インファント その他ウェア","キツス,インフアントソノタ"
"569697","キッス・インファント その他","キツス,インフアントソノタ"
"5698","その他スホーツ","ソノタスホーツ"
"569801","その他スホーツ ハック・ケース","ソノタスホーツハツク,"
"569845","その他スホーツ その他クッス","ソノタスホーツソノタクツ"
"569847","その他スホーツ シュース","ソノタスホーツシユース"
"569848","その他スホーツ シュースアクセサリー","ソノタスホーツシユースア"
"569851","その他スホーツ トレーニンクウェア","ソノタスホーツトレーニンク"
"569853","その他スホーツ ウイントフレーカー","ソノタスホーツウイントフ"
"569855","その他スホーツ スウエット","ソノタスホーツスウエツト"
"569859","その他スホーツ トレーナー・Tシャツ","ソノタスホーツトレーナー,"
"569872","その他スホーツ アンターウエア","ソノタスホーツアンターウ"
"569888","その他スホーツ アクセサリー","ソノタスホーツアクセサリー"
"569889","その他スホーツ その他ウェア","ソノタスホーツソノタウエア"
"569897","その他スホーツ その他","ソノタスホーツソノタ"
"59","その他衣料・身の回り品","ソノタイリヨウ,ミノマワリヒ"
"9","その他商品","ソノタシヨウヒン"
"99","その他商品","ソノタシヨウヒン"
"9901","その他輸入商品","ソノタユニユウシヨウヒン"
"990199","その他輸入商品不明","ソノタユニユウシヨウヒンフメ"
