"1","食 品","シヨクヒン"
"11","加工食品","カコウシヨクヒン"
"1101","調味料","チヨウミリヨウ"
"110101","醤油","シヨウユ"
"110103","砂糖","サトウ"
"110105","低カロリー甘味料","テイカロリ-カンミリヨウ"
"110107","味噌","ミソ"
"110109","食塩","シヨクエン"
"110111","食酢","シヨクス"
"110113","合わせ酢(和風)","ワフウアワセス"
"110115","みりん風調味料","ミリンフウチヨウミリヨウ"
"110117","料理用日本酒","リヨウリヨウ ニホンシユ"
"110119","料理用ワイン","リヨウリヨウ ワイン"
"110121","風味調味料","フウミチヨウミリヨウ"
"110123","液体だし","エキタイダシ"
"110125","単一・複合調味料","タンイツ,フクゴウチヨウミ"
"110129","ソース","ソ-ス"
"110131","ケチャップ","ケチヤツプ"
"110133","焼き肉のたれ","ヤキニクノタレ"
"110135","その他のたれ","ソノタノタレ"
"110137","マヨネーズ","マヨネ-ズ"
"110139","ドレッシング","ドレツシング"
"110141","香辛料(からし・わさび以外)","コウシンリヨウ(カラシワサヒ"
"110142","からし・わさび","カラシ,ワサビ"
"110143","つゆ","ツユ"
"110149","中華調味料","チユウカチヨウミリヨウ"
"110197","その他調味料","ソノタチヨウミリヨウ"
"1102","食用油","シヨクヨウアブラ"
"110203","ゴマ油","ゴマアブラ"
"110205","サラダ油・天ぷら油","サラダ,テンプラアブラ"
"110207","動物性油脂","ドウブツセイユシ"
"110209","オリーブ油","オリ-ブユ"
"110211","香味油","コウミユ"
"110297","その他食用油","ソノタシヨクヨウアブラ"
"1103","スプレッド類","スプレツドルイ"
"110301","ピーナッツ・チョコクリーム","ピ-ナツツ,チヨコクリ-ム"
"110303","ジャム・マーマレード","ジヤム,マ-マレ-ド"
"110397","その他スプレッド類","ソノタスプレツドルイ"
"1104","乳製品","ニユウセイヒン"
"110401","バター","バタ-"
"110403","マーガリン・ファットスプレッド類","マ-ガリン,フアツトスプ"
"110405","チーズ","チ-ズ"
"110407","インスタントクリームパウダー","インスタントクリ-ムパウタ"
"110409","スキムミルク","スキムミルク"
"110411","練りミルク","ネリミルク"
"110413","フレッシュクリーム","フレツシユクリ-ム"
"110415","ホイップクリーム","ホイツプクリ-ム"
"110497","その他乳製品","ソノタニユウセイヒン"
"1105","調理品","チヨウリヒン"
"110501","インスタントカレー","インスタントカレ-"
"110502","調理済みカレー","チヨウリズミカレ-"
"110503","インスタントシチュー","インスタントシチユ-"
"110504","調理済みシチュー","チヨウリズミシチユ-"
"110505","ソースミックス","ソ-スミツクス"
"110507","中華料理の素","チユウカリヨウリノモト"
"110509","まぜ御飯の素","マゼゴハンノモト"
"110511","米飯加工品","ベイハンカコウヒン"
"110513","レンジ専用食品","レンジセンヨウシヨクヒン"
"110515","ふりかけ","フリカケ"
"110517","お茶漬の素","オチヤヅケノモト"
"110597","その他調理品","ソノタチヨウリヒン"
"1106","スープ","ス-プ"
"110601","調理用スープ","チヨウリヨウス-プ"
"110603","インスタントスープ","インスタントス-プ"
"110605","インスタント味噌汁・吸物","インスタントミソシル,スイモ"
"110697","その他スープ","ソノタス-プ"
"1107","冷凍食品","レイトウシヨクヒン"
"110701","冷凍水産素材","レイトウ スイサンソザイ"
"110703","冷凍畜産素材","レイトウ チクサンソザイ"
"110705","冷凍農産素材","レイトウ ノウサンソザイ"
"110707","冷凍調理","レイトウ チヨウリ"
"110721","冷凍ピザ・グラタン類","レイトウ ピザグラタン"
"110723","冷凍麺","レイトウ メン"
"110725","冷凍米飯加工品","レイトウ ベイハンカコウヒ"
"110791","氷","コオリ"
"110797","その他冷凍食品","ソノタレイトウシヨクヒン"
"1108","缶詰","カンヅメ"
"110801","水産缶詰(マグロ・カツオ以外)","スイサンカンヅメ"
"110802","マグロ・カツオ缶詰","マグロ,カツオカンヅメ"
"110803","野菜缶詰","ヤサイ カンヅメ"
"110805","果実・デザート缶詰","カジツ,デザ-トカンツ"
"110807","畜産缶詰","チクサンカンヅメ"
"110897","その他缶詰","ソノタカンヅメ"
"1110","粉類","コナルイ"
"111001","小麦粉","コムギコ"
"111003","天ぷら粉","テンプラコ"
"111005","パン粉","パンコ"
"111007","唐揚げ粉類","カラアゲコルイ"
"111009","片栗粉","カタクリコ"
"111011","きな粉","キナコ"
"111015","米粉","ベイフン"
"111097","その他粉類","ソノタ コナルイ"
"1111","ホームメイキング材料","ホ-ムメイキングザイリヨ"
"111101","プレミックス","プレミツクス"
"111105","蜂蜜","ハチミツ"
"111107","水飴","ミズアメ"
"111109","シロップ","シロツプ"
"111111","生地・皮","キジ,カワ"
"111113","デザートの素","デザ-トノモト"
"111197","その他ホームメイキング材料","ソノタホ-ムメイキングザ"
"1112","麺類","メンルイ"
"111201","インスタント袋麺","インスタントフクロメン"
"111203","カップ麺","カツプメン"
"111205","乾麺","カンメン"
"111207","生麺・ゆで麺","ナマメン,ユデメン"
"111209","スパゲッティ","スパゲツテイ"
"111211","マカロニ","マカロニ"
"111297","その他麺類","ソノタメンルイ"
"1113","パン・シリアル類","パン,シリアルルイ"
"111301","食パン","シヨクパン"
"111303","菓子パン","カシパン"
"111305","調理パン","チヨウリパン"
"111307","シリアル類","シリアルルイ"
"111397","その他パン","ソノタパン"
"1114","穀物","コクモツ"
"111401","米","コメ"
"111405","包装餅","ホウソウモチ"
"111497","その他穀物","ソノタコクモツ"
"1115","加工肉類","カコウニクルイ"
"111501","畜肉ハム","チクニクハム"
"111503","畜肉ソーセージ","チクニクソ-セ-ジ"
"111505","魚肉ハム","ギヨニクハム"
"111507","魚肉ソーセージ","ギヨニクソ-セ-ジ"
"111509","焼き豚","ヤキブタ"
"111511","ベーコン","ベ-コン"
"111597","その他加工肉類","ソノタカコウニクルイ"
"1116","練り製品","ネリセイヒン"
"111601","蒲鉾","カマボコ"
"111603","竹輪","チクワ"
"111605","はんぺん","ハンペン"
"111607","揚げ物","アゲモノ"
"111697","その他練り製品","ソノタネリセイヒン"
"1117","漬物・佃煮","ツケモノ,ツクダニ"
"111701","漬物","ツケモノ"
"111703","佃煮","ツクダニ"
"111705","いりぬか・漬け物の素","イリヌカ,ツケモノノモト"
"111797","その他漬物・佃煮","ソノタツケモノ,ツクダニ"
"1118","水物","ミズモノ"
"111801","豆腐","トウフ"
"111803","コンニャク","コンニヤク"
"111805","油揚げ","アブラアゲ"
"111807","納豆","ナツトウ"
"111897","その他水物","ソノタミズモノ"
"1119","惣菜類","ソウザイルイ"
"111901","サラダ","サラダ"
"111903","煮豆","ニマメ"
"111905","和惣菜","ワソウザイ"
"111907","中華惣菜","チユウカソウザイ"
"111909","洋惣菜","ヨウソウザイ"
"111997","その他惣菜","ソノタソウザイ"
"1120","農産乾物","ノウサンカンブツ"
"112001","ゴマ","ゴマ"
"112003","干し椎茸","ホシシイタケ"
"112005","豆類","マメルイ"
"112097","その他農産乾物","ソノタノウサンカンブツ"
"1121","加工水産","カコウスイサン"
"112101","のり","ノリ"
"112105","わかめ","ワカメ"
"112107","昆布","コンブ"
"112109","その他海藻類","ソノタカイソウルイ"
"112111","削り節・かつお節","ケズリブシ,カツオブシ"
"112113","煮干","ニボシ"
"112197","その他加工水産","ソノタカコウスイサン"
"1197","その他加工食品","ソノタカコウシヨクヒン"
"119701","農産加工品","ノウサンカコウヒン"
"119703","水産加工品","スイサンカコウヒン"
"119705","畜産加工品","チクサンカコウヒン"
"119797","その他加工食品","ソノタカコウシヨクヒン"
"12","生鮮食品","セイセンシヨクヒン"
"1201","水産","スイサン"
"120197","その他水産","ソノタスイサン"
"1202","畜産","チクサン"
"120297","その他畜産","ソノタチクサン"
"1203","農産","ノウサン"
"120397","その他農産","ソノタノウサン"
"1297","その他生鮮食品","ソノタセイセンシヨクヒン"
"129797","その他生鮮食品","ソノタセイセンシヨクヒン"
"13","菓子類","カシルイ"
"1301","菓子","カシ"
"130121","キャンディ・キャラメル","キヤンデイ,キヤラメル"
"130123","チョコレ-ト","チヨコレ-ト"
"130125","チュ-インガム","チユ-インガム"
"130127","ビスケット・クッキ-","ビスケツト,クツキ-"
"130129","米菓","ベイカ"
"130131","スナック","スナツク"
"130133","豆菓子","マメガシ"
"130135","玩具菓子","ガングガシ"
"130137","生菓子","ナマガシ"
"130139","半生菓子","ハンナマガシ"
"130141","焼菓子・油菓子","ヤキガシ,アブラガシ"
"130143","菓子セット","カシセツト"
"130198","その他菓子","ソノタカシ"
"1302","デザート・ヨーグルト","デザ-ト,ヨ-グルト"
"130203","デザート類","デザ-トルイ"
"130205","ヨーグルト","ヨ-グルト"
"130297","その他デザート・ヨーグルト","ソノタデザ-ト,ヨ-グ"
"1303","珍味","チンミ"
"130301","農産珍味","ノウサンチンミ"
"130303","水産珍味","スイサンチンミ"
"130305","畜産珍味","チクサンチンミ"
"130397","その他珍味","ソノタチンミ"
"1304","アイスクリーム類","アイスクリ-ムルイ"
"130401","プレミアムアイス","プレミアムアイス"
"130403","ファミリーアイス","フアミリ-アイス"
"130497","パーソナルアイスその他","パ-ソナルアイスソノタ"
"1397","その他菓子類","ソノタカシルイ"
"139797","その他菓子類","ソノタカシルイ"
"14","飲料・酒類","インリヨウ,サケルイ"
"1401","嗜好飲料","シコウインリヨウ"
"140101","インスタントコーヒー","インスタントコ-ヒ-"
"140103","レギュラーコーヒー","レギユラ-コ-ヒ-"
"140105","ココア","ココア"
"140107","紅茶","コウチヤ"
"140109","日本茶","ニホンチヤ"
"140111","麦茶","ムギチヤ"
"140113","中国茶","チユウゴクチヤ"
"140115","その他の茶類","ソノタノチヤルイ"
"140197","その他嗜好飲料","ソノタシコウインリヨウ"
"1402","果実飲料","カジツインリヨウ"
"140201","果汁100%飲料","カジユウ100%インリヨウ"
"140203","果汁飲料","カジユウインリヨウ"
"140205","果肉飲料","カニクインリヨウ"
"140209","野菜ジュース","ヤサイジユ-ス"
"140211","トマトジュース","トマトジユ-ス"
"140297","その他果実飲料","ソノタカジツインリヨウ"
"1403","清涼飲料","セイリヨウインリヨウ"
"140301","コーラ","コ-ラ"
"140305","炭酸フレーバー","タンサンフレ-バ-"
"140307","コーヒードリンク","コ-ヒ-ドリンク"
"140309","ココアドリンク","ココアドリンク"
"140311","紅茶ドリンク","コウチヤドリンク"
"140313","日本茶・麦茶ドリンク","ニホンチヤ,ムギチヤドリ"
"140315","中国茶ドリンク","チユウゴクチヤドリンク"
"140316","その他茶ドリンク","ソノタチヤドリンク"
"140317","水","ミズ"
"140321","炭酸水","タンサンスイ"
"140323","スポーツドリンク","スポ-ツドリンク"
"140325","栄養ドリンク","エイヨウドリンク"
"140327","ビネガードリンク","ビネガ-ドリンク"
"140397","その他清涼飲料","ソノタセイリヨウインリヨウ"
"1404","乳飲料","ニユウインリヨウ"
"140401","牛乳","ギユウニユウ"
"140403","豆乳","トウニユウ"
"140405","乳酸飲料","ニユウサンインリヨウ"
"140407","乳酸菌飲料","ニユウサンキンインリヨウ"
"140497","その他乳飲料","ソノタニユウインリヨウ"
"1406","アルコール飲料","アルコ-ルインリヨウ"
"140601","清酒","セイシユ"
"140611","合成清酒","ゴウセイセイシユ"
"140621","焼酎(甲類)","シヨウチユウ(コウルイ)"
"140623","焼酎(乙類)","シヨウチユウ(オツルイ)"
"140631","みりん","ミリン"
"140641","ビール","ビ-ル"
"140651","果実酒","カジツシユ"
"140653","甘味果実酒","カンミカジツシユ"
"140661","ウイスキー","ウイスキ-"
"140663","ブランデー","ブランデ-"
"140671","スピリッツ","スピリツツ"
"140681","リキュール類","リキユ-ルルイ"
"140691","発泡酒","ハツポウシユ"
"140693","粉末酒","フンマツシユ"
"140695","その他雑酒","ソノタザツシユ"
"140697","その他アルコール飲料","ソノタアルコ-ルインリヨウ"
"1407","酒類を含むセット商品","サケルイヲフクムセツトシヨウ"
"140701","酒類を含むセット商品","サケルイヲフクムセツトシヨウ"
"140797","酒類を含むセット商品一般","サケルイセツトイツパン"
"1497","その他飲料・酒類","ソノタインリヨウ,サケルイ"
"149797","その他飲料・酒類","ソノタインリヨウ,サケルイ"
"19","その他食品","ソノタシヨクヒン"
"1901","乳幼児食品","ニユウヨウジシヨクヒン"
"190101","育児用ミルク","イクジヨウミルク"
"190103","ベビーフード","ベビ-フ-ド"
"190197","その他乳幼児食品","ソノタニユウヨウジシヨクヒ"
"1902","健康食品","ケンコウシヨクヒン"
"190201","健康食品","ケンコウシヨクヒン"
"190203","妊産婦用食品","ニンサンフヨウシヨクヒン"
"190297","その他健康食品","ソノタケンコウシヨクヒン"
"1903","食品贈答品","シヨクヒンゾウトウヒン"
"190301","食品贈答品","シヨクヒンゾウトウヒン"
"190397","その他食品贈答品","ソノタシヨクヒンゾウトウヒ"
"1997","その他食品","ソノタシヨクヒン"
"199701","たばこ","タバコ"
"199797","その他食品","ソノタシヨクヒン"
"2","日用品","ニチヨウヒン"
"21","日用雑貨","ニチヨウザツカ"
"2121","口中衛生用品","コウチユウエイセイヨウヒン"
"212101","歯磨き","ハミガキ"
"212103","歯ブラシ","ハブラシ"
"212105","洗口液","センコウエキ"
"212107","口中清涼剤","コウチユウセイリヨウザイ"
"212109","デンタル用品","デンタルヨウヒン"
"212111","義歯用品","ギシヨウヒン"
"212197","その他口中衛生用品","ソノタコウチユウエイセイヨウ"
"2122","石鹸類","セツケンルイ"
"212201","化粧石鹸","ケシヨウセツケン"
"212203","ハンドソープ","ハンドソープ"
"212205","ボディシャンプー・リンス","ボデイシヤンプ,リンス"
"212207","入浴剤","ニユウヨクザイ"
"212297","その他石鹸類","ソノタセツケンルイ"
"2123","衛生紙用品・用具","エイセイカミヨウヒン,ヨウク"
"212301","ティッシュペーパー","テイツシユペ-パ-"
"212303","ペーパーハンドタオル・用具","ペ-パ-ハンドタオル,"
"212305","ウェットティッシュ","ウエツトテイツシユ"
"212307","トイレットペーパー","トイレツトペ-パ-"
"212309","京花紙・ちり紙","キヨウカシ,チリガミ"
"212311","生理用品・用具","セイリヨウヒン,ヨウグ"
"212313","軽失禁用品・用具","ケイシツキンヨウヒン,ヨウク"
"212397","その他衛生紙用品・用具","ソノタエイセイカミヨウヒン,"
"2124","介護用品・用具","カイゴヨウヒン,ヨウグ"
"212401","大人用オムツ","オトナヨウオムツ"
"212403","大人用衛生用品","オトナヨウエイセイヨウヒン"
"212497","その他介護用品・用具","ソノタカイゴヨウヒン,ヨウ"
"2125","育児用品・用具","イクジヨウヒン,ヨウグ"
"212501","ベビー用オムツ","ベビーヨウオムツ"
"212505","ベビー用スキンケア","ベビーヨウスキンケア"
"212507","ベビー用衛生用品・用具","ベビーヨウエイセイヨウヒ"
"212511","ベビー用ヘルスケア","ベビーヨウヘルスケア"
"212513","授乳用品・用具","ジユニユウヨウヒン,ヨウク"
"212597","その他育児用品・用具","ソノタイクジヨウヒン,ヨウ"
"2126","衛生医療用品・用具","エイセイイリヨウヨウヒン,ヨ"
"212601","綿棒","メンボウ"
"212603","包帯","ホウタイ"
"212605","ガーゼ","ガ-ゼ"
"212607","脱脂綿","ダツシメン"
"212609","救急絆創膏","キユウキユウバンソウコウ"
"212611","固定テープ・巻絆創膏","コテイテープ,マキバンソ"
"212615","サポーター","サポ-ター"
"212617","マスク","マスク"
"212619","避妊用品","ヒニンヨウヒン"
"212621","飲薬補助用品・用具","インヤクホジヨヨウヒン,ヨ"
"212623","コンタクトレンズ用剤・用具","コンタクトレンズヨウザイ"
"212625","目・鼻・耳ケア用品・用具","メ,ハナ,ミミケアヨウヒン,"
"212627","フットケア用品・用具","フツトケアヨウヒン,ヨウグ"
"212629","ハサミ・ピンセット","ハサミ,ピンセツト"
"212631","体温計","タイオンケイ"
"212633","血圧計","ケツアツケイ"
"212635","ヘルスメーター","ヘルスメ-タ-"
"212637","肩こり・腰痛ケア用品・用具","カタコリ,ヨウツウケアヨウヒ"
"212639","使い捨てカイロ","ツカイステカイロ"
"212641","熱冷却用品・用具","ネツレイキヤクヨウヒン,ヨウ"
"212697","その他衛生医療用品・用具","ソノタエイセイ,イリヨウヨウ"
"2127","衣料用洗剤類","イリヨウヨウセンザイルイ"
"212701","衣料用合成洗剤","イリヨウヨウゴウセイセンサ"
"212703","洗濯用石鹸","センタクヨウセツケン"
"212705","ライト系洗剤","ライトケイセンザイ"
"212707","漂白剤","ヒヨウハクザイ"
"212709","柔軟剤","ジユウナンザイ"
"212711","仕上げ剤","シアゲザイ"
"212713","衣料用処理剤","イリヨウヨウシヨリザイ"
"212715","染料","センリヨウ"
"212797","その他衣料用洗剤類","ソノタイリヨウヨウセンザイ"
"2128","台所・食器用洗剤類","ダイドコロ,シヨツキヨウ"
"212801","台所用洗剤","ダイドコロヨウセンザイ"
"212803","台所用クレンザー","ダイドコロヨウクレンザ"
"212805","台所用漂白剤","ダイドコロヨウヒヨウハク"
"212807","廃油処理剤","ハイユシヨリザイ"
"212809","台所用除菌・消臭剤","ダイドコロヨウジヨキン"
"212897","その他台所・食器用洗剤類","ソノタダイドコロ,シヨツ"
"2129","住居用洗剤類","ジユウキヨヨウセンザイル"
"212901","住居用洗剤","ジユウキヨヨウセンザイ"
"212903","トイレ用洗剤","トイレヨウセンザイ"
"212905","バス用洗剤","バスヨウセンザイ"
"212907","ガラス用洗剤","ガラスヨウセンザイ"
"212909","畳・カーペットクリーナー","タタミ,カーペツトクリーナ"
"212911","パイプ・風呂釜クリーナー","パイプ,フロガマクリー"
"212913","カビ防止剤・カビ取り剤","カビボウシザイ,カビ"
"212915","換気扇・レンジクリーナー","カンキセン,レンジクリーナ"
"212917","使い捨て紙クリーナー類","ツカイステカミクリーナールイ"
"212919","電気製品用クリーナー","デンキセイヒンヨウクリーナ"
"212997","その他住居用洗剤類","ソノタジユウキヨヨウセンサ"
"2130","家庭用つや出し・ワックス剤","カテイヨウツヤダシ,ワツク"
"213001","住居用ワックス","ジユウキヨヨウワツクス"
"213003","靴墨・靴用クリーム","クツスミ,クツヨウクリーム"
"213097","その他家庭用つや出し・ワックス剤","ソノタカテイヨウツヤダシワ"
"2131","芳香・消臭剤","ホウコウサ,シヨウシユウザ"
"213101","トイレ用芳香・消臭・防臭剤","トイレヨウホウコウ,シヨウシ"
"213103","室内用芳香・消臭・防臭剤","シツナイヨウホウコウ,シヨウ"
"213105","水洗トイレ用タンククリーナー","スイセントイレヨウタンククリ"
"213107","脱臭剤","ダツシユウザイ"
"213197","その他芳香・消臭剤","ソノタホウコウ,シヨウシユウ"
"2132","防虫・除湿・乾燥剤","ボウチユウ,ジヨシツ,カ"
"213201","防虫剤","ボウチユウザイ"
"213203","除湿・乾燥剤","ジヨシツ,カンソウザイ"
"213297","その他防虫・除湿・乾燥剤","ソノタボウチユウ,ジヨシ"
"2133","殺虫剤","サツチユウザイ"
"213301","殺虫剤","サツチユウザイ"
"213303","蚊取り線香","カトリセンコウ"
"213305","蚊取りマット・リキッド","カトリマツト,リキツド"
"213307","電子蚊取り器","デンシカトリキ"
"213309","ゴキブリ捕獲器","ゴキブリホカクキ"
"213311","虫よけ剤・虫よけ器","ムシヨケザイ,ムシヨケキ"
"213397","その他殺虫剤","ソノタサツチユウザイ"
"2198","その他日用雑貨","ソノタニチヨウザツカ"
"219801","浄水剤","ジヨウスイザイ"
"219897","その他日用雑貨","ソノタニチヨウザツカ"
"22","OTC医薬品類","OTCイヤクヒンルイ"
"2211","精神神経用薬","セイシンシンケイヨウヤク"
"221101","解熱鎮痛薬","ゲネツチンツウヤク"
"221103","かぜ薬","カゼグスリ"
"221105","鎮静薬・催眠鎮静薬","チンツウヤク,サイミンチンセ"
"221107","眠気防止剤","ネムケボウシザイ"
"221109","小児鎮静薬(小児五疳薬)","シヨウニヨウチンセイヤク(シ"
"221111","睡眠改善薬","スイミンカイゼンヤク"
"221197","その他の精神神経用薬","ソノタノセイシンシンケイヨウ"
"2212","呼吸器官用薬","コキユウキカンヨウヤク"
"221201","鎮咳去たん薬","チンガイキヨタンヤク"
"221203","うがい薬","ウガイグスリ"
"221297","その他の呼吸器官用薬","ソノタノコキユウキカンヨウヤ"
"2213","循環器官用薬","ジユンカンキカンヨウヤク"
"221301","強心薬","キヨウシンヤク"
"221303","高コレステロール低下薬","コウコレステロールテイカヤク"
"221305","貧血用薬","ヒンケツヨウヤク"
"221397","その他の循環器官用薬","ソノタノジユンカンキカンヨ"
"2214","消化器官用薬","シヨウカキカンヨウヤク"
"221401","胃腸薬","イチヨウヤク"
"221403","整腸薬","セイチヨウヤク"
"221405","止しゃ薬(下痢止め)","シシヤヤク(ゲリドメ)"
"221407","胃腸鎮痛鎮痙薬","イチヨウチンツウチンケイヤク"
"221409","浣腸薬","カンチヨウヤク"
"221411","便秘薬","ベンピヤク"
"221413","駆虫薬","クチユウヤク"
"221497","その他の消化器官用薬","ソノタノシヨウカキカンヨウヤ"
"2215","アレルギー用薬","アレルギーヨウヤク"
"221501","内服アレルギー用薬","ナイフクアレルギーヨウヤク"
"221597","その他のアレルギー用薬","ソノタノアレルギーヨウヤク"
"2216","感覚器官用薬","カンカクキカンヨウヤク"
"221601","目薬","メグスリ"
"221603","鼻炎用薬","ビエンヨウヤク"
"221605","乗物酔い薬","ノリモノヨイヤク"
"221697","その他の感覚器官用薬","ソノタノカンカクキカンヨウヤ"
"2217","歯科口腔用薬","シカコウクウウヨウヤク"
"221701","口腔咽喉薬","コウクウインコウヤク"
"221703","口内炎用薬","コウナイエンヨウヤク"
"221705","歯痛・歯槽膿漏薬","ハイタ,シソウノウロウヤク"
"221797","その他の歯科口腔用薬","ソノタノシカコウクウヨウヤク"
"2218","肛門用薬","コウモンヨウヤク"
"221801","痔疾用薬","ジシツヨウヤク"
"221897","その他の肛門用薬","ソノタノコウモンヨウヤク"
"2219","外皮用薬","ガイヒヨウヤク"
"221901","外用殺菌消毒薬","ガイヨウサツキンシヨウド"
"221903","化膿性皮膚疾患用薬","カノウセイヒフシツカンヨウヤ"
"221905","にきび治療薬","ニキビチリヨウヤク"
"221907","外用鎮痛・消炎薬(貼付・塗布薬)","ガイヨウチンツウ,シヨウエ"
"221909","外用湿疹・皮膚炎用薬","ガイヨウシツシン,ヒフエン"
"221911","かゆみ・虫さされ用薬","カユミ,ムシササレヨウヤク"
"221913","しもやけ・あかぎれ用薬","シモヤケ,アカギレヨウヤク"
"221915","水虫・たむし用薬","ミズムシ,タムシヨウヤク"
"221917","皮膚軟化薬(乾燥性皮膚用薬)","ヒフナンカヤク(カンソウセイ"
"221919","うおのめ・たこ・いぼ用薬","ウオノメ,タコ,イボヨウヤ"
"221921","発毛・養毛薬","ハツモウ,ヨウモウヤク"
"221923","シラミ駆除用薬","シラミクジヨヨウヤク"
"221925","絆創膏","バンソウコウ"
"221997","その他の外皮用薬","ソノタノヒフヨウヤク"
"2220","女性用薬","ジヨセイヨウヤク"
"222001","女性用保健薬","ジヨセイヨウホケンヤク"
"222003","避妊薬","ヒニンヤク"
"222005","膣カンジタ用薬","ヒニンヤク"
"222097","その他の女性用薬","ソノタノジヨセイヨウヤク"
"2221","ドリンク剤","ドリンクザイ"
"222101","ドリンク剤","ドリンクザイ"
"222103","ミニドリンク剤","ミニドリンクザイ"
"222197","その他のドリンク剤","ソノタノドリンクザイ"
"2222","ビタミン主薬製剤","ビタミンシユヤクセイザイ"
"222201","ビタミンA主薬製剤","ビタミンAシユヤクセイザ"
"222203","ビタミンD主薬製剤","ビタミンDシユヤクセイザ"
"222205","ビタミンE主薬製剤","ビタミンEシユヤクセイザ"
"222207","ビタミンB1主薬製剤","ビタミンB1シユヤクセイサ"
"222209","ビタミンB2主薬製剤","ビタミンB2シユヤクセイサ"
"222211","ビタミンB6主薬製剤","ビタミンB6シユヤクセイサ"
"222213","ビタミンB12主薬製剤","ビタミンB12シユヤクセイ"
"222215","ビタミンC主薬製剤","ビタミンCシユヤクセイザ"
"222217","ビタミンAD主薬製剤","ビタミンADシユヤクセイサ"
"222219","ビタミンB2B6主薬製剤","ビタミンB2B6シユヤクセ"
"222221","ビタミンEC主薬製剤","ビタミンECシユヤクセイサ"
"222223","ビタミンB1B6B12主薬製剤","ビタミンB1B6B12シユ"
"222297","その他のビタミン主薬製剤","ソノタノビタンミンシユヤク"
"2223","ビタミン含有保健薬","ビタミンガンユウホケンヤ"
"222301","ビタミン含有保健薬","ビタミンガンユウホケンヤ"
"222397","その他のビタミン含有保健薬","ソノタノビタミンガンユウ"
"2224","その他の保健薬","ソノタノホケンヤク"
"222401","カルシウム主薬製剤","カルシウムシユヤクセイザイ"
"222403","生薬主薬保健薬","シヨウヤクシユヤクホケンヤク"
"222405","薬用酒","ヤクヨウシユ"
"222497","その他の保健薬","ソノタノホケンヤク"
"2225","禁煙補助薬","キンエンホジヨヤク"
"222501","禁煙補助薬","キンエンホジヨヤク"
"2226","漢方薬・生薬製剤","カンポウヤク,シヨウヤクセ"
"222601","漢方薬1(あ行)","カンポウヤク1(アギヨウ"
"222602","漢方薬2(か行)","カンポウヤク2(カギヨウ"
"222603","漢方薬3(さ行)","カンポウヤク3(サギヨウ"
"222604","漢方薬4(た行)","カンポウヤク4(タギヨウ"
"222605","漢方薬5(な行)","カンポウヤク5(ナギヨウ"
"222606","漢方薬6(は行)","カンポウヤク6(ハギヨウ"
"222607","漢方薬7(ま行)","カンポウヤク7(マギヨウ"
"222608","漢方薬8(や~ら行)","カンポウヤク8(ヤギヨウ"
"222609","生薬製剤","シヨウヤクセイザイ"
"222697","その他の漢方薬・生薬製剤","ソノタノカンポウヤク,シヨ"
"2227","公衆衛生用薬","コウシユウエイセイヨウヤク"
"222701","殺虫薬","サツチユウヤク"
"222703","虫よけ薬","ムシヨケヤク"
"222797","その他の公衆衛生用薬","ソノタノコウシユウエイセイヨ"
"2228","一般用検査薬","イツパンヨウケンサヤク"
"222801","一般用検査薬","イツパンヨウケンサヤク"
"2239","その他のOTC医薬品","ソノタノOTCイヤクヒン"
"223997","その他のOTC医薬品","ソノタノOTCイヤクヒン"
"2241","かぜ関連(指定医薬部外品)","カゼカンレン(シテイイヤク"
"224101","鼻づまり改善(指定医薬部外品)","ハナヅマリカイゼン(シテ"
"224103","のど清涼(指定医薬部外品)","ノドセイリヨウ(シテイイヤ"
"224105","うがい(指定医薬部外品)","ウガイ(シテイイヤクブカ"
"2242","胃腸関連(指定医薬部外品)","イチヨウカンレン(シテイイヤ"
"224201","健胃・消化(指定医薬部外品)","ケンイ,シヨウカ(シテイイヤ"
"224203","整腸(指定医薬部外品)","セイチヨウ(シテイイヤクブ"
"224205","便秘(指定医薬部外品)","ベンピ(シテイイヤクブ"
"2243","目・鼻・口・のど関連(指定医薬部外品)","メ,ハナ,クチ,ノドカンレ"
"224301","コンタクトレンズ装着(指定医薬部外品)","コンタクトレンズソウチヤク"
"224303","いびき防止(指定医薬部外品)","イビキボウシ(シテイイヤ"
"224305","口・のど(指定医薬部外品)","クチ,ノド(シテイイヤクフ"
"2244","皮ふ関連(指定医薬部外品)","ヒフカンレン(シテイイヤクフ"
"224401","殺菌消毒(指定医薬部外品)","サツキンシヨウドク(シテイ"
"224403","あせも・ただれ(指定医薬部外品)","アセモ,タダレ(シテイイヤ"
"224405","ひび・しもやけ・あかぎれ(指定医薬部外品","ヒビ,シモヤケ,アカギレ"
"224407","かさつき・あれ(指定医薬部外品)","カサツキ,アレ(シテイイヤク"
"224409","うおのめ・たこ(指定医薬部外品)","ウオノメ,タコ(シテイイヤク"
"2245","滋養強壮関連(指定医薬部外品)","ジヨウキヨウソウカンレン("
"224501","ドリンク剤(指定医薬部外品)","ドリンクザイ(シテイイヤ"
"224503","ミニドリンク剤(指定医薬部外品)","ミニドリンクザイ(シテイ"
"224505","ビタミンE(指定医薬部外品)","ビタミンE(シテイイヤクフ"
"224507","ビタミンC(指定医薬部外品)","ビタミンC(シテイイヤクフ"
"224509","ビタミンEC(指定医薬部外品)","ビタミンEC(シテイイヤク"
"224511","ビタミン含有の滋養強壮(指定医薬部外品)","ビタミンガンユウノジヨ"
"224513","カルシウム(指定医薬部外品)","カルシウム(シテイイヤクブ"
"224515","生薬主薬保健薬(指定医薬部外品)","シヨウヤクシユヤクホケン(シ"
"2261","処方せん医薬品","シヨホウセンイヤクヒン"
"226101","処方せん医薬品","シヨホウセンイヤクヒン"
"2262","処方せん医薬品以外の医療用医薬品","シヨホウセンイヤクヒンイガ"
"226201","処方せん医薬品以外の医療用医薬品","シヨホウセンイヤクヒンイガ"
"2263","局方品","キヨクホウヒン"
"226301","局方品","キヨクホウヒン"
"2298","その他の医薬品","ソノタノイヤクヒン"
"229897","その他の医薬品","ソノタノイヤクヒン"
"23","化粧品","ケシヨウヒン"
"2321","基礎化粧品","キソケシヨウヒン"
"232101","マッサージ・コールドクリーム","マツサージ,コ-ルドクリ"
"232103","メイク落とし","メイクオトシ"
"232105","洗顔料","センガンリヨウ"
"232107","化粧水","ケシヨウスイ"
"232109","乳液","ニユウエキ"
"232111","美容液","ビヨウエキ"
"232113","パック","パツク"
"232115","フェイスクリーム","フエイスクリーム"
"232197","その他基礎化粧品","ソノタキソケシヨウヒン"
"2322","メイクアップ化粧品","メイクアツプケシヨウヒン"
"232201","化粧下地","ケシヨウシタジ"
"232203","コンシーラ","コンシーラ"
"232205","ファンデーション","フアンデ-シヨン"
"232207","フェイスパウダー","フエイスパウダー"
"232209","アイカラー","アイカラー"
"232211","アイライナー","アイライナ-"
"232213","マスカラ","マスカラ"
"232215","アイブロウ","アイブロウ"
"232217","チークカラー","チークカラー"
"232219","リップカラー","リツプカラー"
"232221","ネイルカラー","ネイルカラー"
"232297","その他メイクアップ化粧品","ソノタメイクアツプケシヨウ"
"2323","ボディケア化粧品","ボデイケアケシヨウヒン"
"232301","ボディローション・クリーム","ボデイローシヨン,クリー"
"232303","リップクリーム","リツプクリ-ム"
"232305","ハンドクリーム","ハンドクリ-ム"
"232307","UVケア","UVケア"
"232309","むだ毛処理剤","ムダゲシヨリザイ"
"232311","レッグ・フットケア","レツグ,フツトケア"
"232313","制汗防臭剤","セイカンボウシユウザイ"
"232397","その他ボディケア化粧品","ソノタボデイケアケシヨウ"
"2324","フレグランス","フレグランス"
"232401","香水","コウスイ"
"232403","トワレ","トワレ"
"232405","コロン","コロン"
"232497","その他フレグランス","ソノタフレグランス"
"2325","インバスヘアケア","インバスヘアケア"
"232501","シャンプー","シヤンプ-"
"232503","ヘアリンス・コンディショナー","ヘアリンス,コンデシヨナー"
"232505","ヘアトリートメント・パック","ヘア-トリ-トメント,パツ"
"232597","その他インバスヘアケア","ソノタインバスヘアケア"
"2326","ヘアメイク","ヘアメイク"
"232605","ブロー・スタイリング剤","ブロ-,スタイリングザ"
"232607","ヘアスプレー・ヘアグロス","ヘアスプレ-,ヘアグロス"
"232609","女性用ヘアトニック","ジヨセイヨウヘア-トニツク"
"232611","女性用育毛・養毛剤","ジヨセイヨウイクモウ,ヨウ"
"232613","パーマ剤","パ-マザイ"
"232697","その他ヘアメイク","ソノタヘアメイク"
"2327","ヘアカラー","ヘアカラー"
"232701","黒髪用カラーリング剤","クロカミヨウカラーリングサ"
"232703","白髪用カラーリング剤","シラガヨウカラーリングサ"
"232797","その他ヘアカラー","ソノタヘアカラー"
"2328","男性化粧品","ダンセイケシヨウヒン"
"232801","プレシェーブ・シェービング剤","プレシエーブ,シエ-ビ"
"232803","男性用洗顔料・パック","ダンセイヨウセンガンリヨ"
"232805","男性用スキンローション","ダンセイヨウスキンローシヨ"
"232807","男性用スキンクリーム・ミルク","ダンセイヨスキンクリーム,"
"232809","男性用メイクアップ","ダンセイヨウメイクアツプ"
"232811","男性用ヘアトニック","ダンセイヨウヘア-トニツク"
"232813","男性用育毛・養毛剤","ダンセイヨウイクモウ,モウ"
"232815","男性用ブロー・スタイリング剤","ダンセイヨウブロー,スタ"
"232817","男性用ヘアスプレー・ヘアグロス","ダンセイヨウヘア-スプレ"
"232821","男性黒髪用カラーリング剤","ダンセイヨウクロカミヨウカ"
"232823","男性白髪用カラーリング剤","ダンセイシラガヨウカラー"
"232825","男性用制汗防臭剤","ダンセイヨウセイカンボウ"
"232827","男性用フレグランス","ダンセイヨウフレグランス"
"232897","その他男性化粧品","ソノタダンセイケシヨウヒン"
"2329","化粧小物","ケシヨウコモノ"
"232901","カミソリ","カミソリ"
"232903","ヘア用化粧用具","ヘアヨウケシヨウヨウグ"
"232905","フェイス用化粧用具","フエイスヨウケシヨウヨウグ"
"232907","ネイル用化粧用具","ネイルヨウケシヨウヨウグ"
"232909","ボディ用化粧用具","ボデイヨウケシヨウヨウク"
"232997","その他化粧小物","ソノタケシヨウコモノ"
"2398","その他化粧品","ソノタケシヨウヒン"
"239897","その他化粧品","ソノタケシヨウヒン"
"24","家庭用品","カテイヨウヒン"
"2401","食品包装","シヨクヒンホウソウ"
"240101","ラッピングフィルム","ラツピングフイルム"
"240103","アルミホイル","アルミホイル"
"240197","その他食品包装","ソノタシヨクヒンホウソウ"
"2402","掃除用品","ソウジヨウヒン"
"240201","ゴミ袋","ゴミブクロ"
"240203","ほうき・はたき類","ホウキ,ハタキルイ"
"240205","ちり取り","チリトリ"
"240207","掃除用ブラシ","ソウジヨウブラシ"
"240209","モップ・雑巾","モツプ,ゾウキン"
"240211","バケツ・ペール","バケツ,ペ-ル"
"240213","屑入れ","クズイレ"
"240297","その他掃除用品","ソノタソウジヨウヒン"
"2403","洗濯・物干し用品","センタク,モノホシヨウヒン"
"240301","洗濯用品","センタクヨウヒン"
"240303","物干し用品","モノホシヨウヒン"
"240305","洗濯仕上げ用品","センタクシアゲヨウヒン"
"240397","その他洗濯・物干し用品","ソノタセンタク,モノホシヨウ"
"2404","台所用品","ダイドコロヨウヒン"
"240401","ガスマット類","ガスマツトルイ"
"240403","ふきん・鍋つかみ類","フキン,ナベツカミルイ"
"240405","たわし・スポンジ","タワシ,スポンジ"
"240407","ペーパーフィルター","ペ-パ-フイルタ-"
"240409","缶切り・栓抜き類","カンキリ,センヌキルイ"
"240411","流し用品","ナガシヨウヒン"
"240413","キッチンペーパー","キツチンペ-パ-"
"240497","その他台所用品","ソノタダイドコロヨウヒン"
"2405","浴室・トイレ用品","ヨクシツ,トイレヨウヒン"
"240501","浴室用品","ヨクシツヨウヒン"
"240503","洗面用品","センメンヨウヒン"
"240505","身体洗い用品","カラダアライヨウヒン"
"240507","トイレ用品","トイレヨウヒン"
"240597","その他浴室・トイレ用品","ソノタヨクシツ,トイレヨウヒ"
"2406","食卓用品","シヨクタクヨウヒン"
"240601","食品調味料容器","シヨクヒンチヨウミリヨウヨウ"
"240603","卓上小物","タクジヨウコモノ"
"240605","箸","ハシ"
"240607","ナイフ・フォーク・スプーン","ナイフ,フオ-ク,スプ-ン"
"240609","碗","ワン"
"240611","皿","サラ"
"240613","鉢・丼","ハチ,ドン"
"240615","コップ・グラス","コツプ,グラス"
"240617","湯呑・急須","ユノミ,キユウス"
"240619","土瓶・鉄瓶","ドビン,テツビン"
"240621","徳利・盃","トツクリ,サカズキ"
"240623","簡易食器","カンイシヨツキ"
"240625","弁当箱・ウェア","ベントウバコ,ウエア"
"240627","魔法瓶・ジャー","マホウビン,ジヤ-"
"240697","その他食卓用品","ソノタシヨクタクヨウヒン"
"2407","調理用品","チヨウリヨウヒン"
"240701","鍋・釜類","ナベ,カマルイ"
"240703","やかん類","ヤカン,ポツトルイ"
"240705","フライパン類","フライパンルイ"
"240707","調理器物","チヨウリキブツ"
"240709","製菓用品","セイカヨウヒン"
"240797","その他調理器具","ソノタチヨウリキグ"
"2408","リビング用品","リビングヨウヒン"
"240801","シート類","シ-トルイ"
"240803","壁紙・障子紙","カベガミ,シヨウジガ"
"240805","ハンガーボード・フック","ハンガ-ボ-ド,フツク"
"240807","ハンガー","ハンガ-"
"240809","リビング用テープ類","リビングヨウテ-プルイ"
"240811","簡易収納ケース","カンイシユウノウケ-ス"
"240813","テーブルクロス","テ-ブルクロス"
"240897","その他リビング用品","ソノタリビングヨウヒン"
"2497","その他家庭用品","ソノタカテイヨウヒン"
"249701","線香","センコウ"
"249703","ローソク","ロ-ソク"
"249705","かいろ・湯たんぽ","カイロ,ユタンポ"
"249707","マッチ","マツチ"
"249709","ライター","ライタ-"
"249711","喫煙用具","キツエンヨウグ"
"249713","荷造り用品","ニヅクリヨウヒン"
"249715","家庭用手袋","カテイヨウテブクロ"
"249717","裁縫・手芸用品","サイホウ,シユゲイヨウヒン"
"249719","靴関連用品","クツカンレンヨウヒン"
"249797","その他家庭用品","ソノタカテイヨウヒン"
"25","DIY用品","DIYヨウヒン"
"2501","建築・塗装用具","ケンチク,トソウヨウグ"
"250101","大工用品","ダイクヨウヒン"
"250103","電動工具","デンドウコウグ"
"250105","塗装用具","トソウヨウグ"
"250197","その他建築・塗装用具","ソノタ ケンチク,トソウヨウ"
"2502","建築・塗装材料","ケンチク,トソウザイリヨウ"
"250201","建築・金具","ケンチクカナグ"
"250203","木材","モクザイ"
"250205","基礎材","キソザイ"
"250207","塗装材料","トソウザイリヨウ"
"250209","接着剤","セツチヤクザイ"
"250211","補修用品","ホシユウヨウヒン"
"250297","その他建築・塗装材料","ソノタケンチク,トソウザイ"
"2503","ガス・水道部品","ガス,スイドウブヒン"
"250301","ガス部品","ガスブヒン"
"250303","水道部品","スイドウブヒン"
"250397","その他ガス・水道部品","ソノタガス,スイドウブ"
"2504","園芸用品","エンゲイヨウヒン"
"250401","園芸用殺虫剤","エンゲイヨウサツチユウザ"
"250403","肥料","ヒリヨウ"
"250405","用土","ヨウド"
"250407","種・球根類","タネ,キユウコンルイ"
"250409","鉢・フラワースタンド類","ハチ,フラワ-スタンドルイ"
"250411","園芸用具","エンゲイヨウグ"
"250413","生花用品","イケバナヨウヒン"
"250497","その他園芸用品","ソノタエンゲイヨウヒン"
"2597","その他DIY用品","ソノタDIYヨウヒン"
"259797","その他DIY用品","ソノタDIYヨウヒン"
"26","ペット用品","ペツトヨウヒン"
"2621","犬","イヌ"
"262101","犬フード","イヌフード"
"262103","犬用品・用具","イヌヨウヒン,ヨウグ"
"262105","犬用医薬品","イヌヨウイヤクヒン"
"262107","犬生体","イヌセイタイ"
"262197","その他犬関連品","ソノタイヌカンレンヒン"
"2622","猫","ネコ"
"262201","猫フード","ネコフード"
"262203","猫用品・用具","ネコヨウヒン,ヨウグ"
"262205","猫用医薬品","ネコイヤクヒン"
"262207","猫生体","ネコセイタイ"
"262297","その他猫関連品","ソノタネコカンレンヒン"
"2623","観賞魚","カンシヨウギヨ"
"262301","観賞魚フード","カンシヨウギヨフード"
"262303","観賞魚用品・用具","カンシヨウギヨヨウヒン,ヨ"
"262305","観賞魚医薬品","カンシヨウギヨイヤクヒン"
"262307","観賞魚生体","カンシヨウギヨセイタイ"
"262397","その他観賞魚関連品","ソノタカンシヨウギヨカンレ"
"2624","小鳥","コトリ"
"262401","小鳥フード","コトリフード"
"262403","小鳥用品・用具","コトリヨウヒン,ヨウグ"
"262405","小鳥医薬品","コトリイヤクヒン"
"262407","小鳥生体","コトリセイタイ"
"262497","その他小鳥関連品","ソノタコトリカンレンヒン"
"2625","小動物","シヨウドウブツ"
"262501","小動物フード","シヨウドウブツフード"
"262503","小動物用品・用具","シヨウドウブツヨウヒン,"
"262505","小動物用医薬品","シヨウドウブツイヤクヒン"
"262507","小動物生体","シヨウドウブツセイタイ"
"262597","その他小動物関連品","ソノタシヨウドウブツカン"
"2626","昆虫","コンチユウ"
"262601","昆虫フード","コンチユウフード"
"262603","昆虫用品・用具","コンチユウヨウヒン,ヨウグ"
"262605","昆虫用医薬品","コンチユウイヤクヒン"
"262607","昆虫生体","コンチユウセイタイ"
"262697","その他昆虫関連品","ソノタコンチユウカンレンヒン"
"2627","爬虫類・両生類","ハチユウルイ,リヨウセイルイ"
"262701","爬虫類・両生類フード","ハチユウルイ,リヨウセイルイ"
"262703","爬虫類・両生類用品・用具","ハチユウルイ,リヨウセイルイ"
"262705","爬虫類・両生類医薬品","ハチユウルイ,リヨウセイルイ"
"262707","爬虫類・両生類生体","ハチユウルイ,リヨウセイルイ"
"262797","その他爬虫類・両生類関連品","ソノタハチユウルイ,リヨウセ"
"2698","その他のペット","ソノタノペツト"
"269801","その他ペットフード","ソノタペツトフード"
"269803","その他ペット用品・用具","ソノタペツトヨウヒン,ヨウ"
"269805","その他ペット医薬品","ソノタペツトイヤクヒン"
"269807","その他ペット生体","ソノタペツトセイタイ"
"269897","その他ペット関連品","ソノタペツトカンレンヒン"
"29","その他日用品","ソノタニチヨウヒン"
"2901","日用贈答品","ニチヨウゾウトウヒン"
"290101","日用贈答品","ニチヨウゾウトウヒン"
"290197","その他日用贈答品","ソノタニチヨウゾウトウヒン"
"2903","フィルム","フイルム"
"290301","写真用フィルム","シヤシンヨウフイルム"
"290303","8ミリフィルム","8ミリフイルム"
"290397","その他フィルム","ソノタフイルム"
"2904","オーディオ・ビデオテ-プ","オ-デイオ,ビデオテ-"
"290401","カセットテープ","カセツトテ-プ"
"290403","オープンリールテープ","オ-プンリ-ルテ-プ"
"290405","ビデオテープ","ビデオテ-プ"
"290497","その他オーディオ・ビデオテープ","ソノタオ-デイオ,ビデ"
"290499","オーディオ・ビデオテープ","オ-デイオ,ビデオテ-"
"2997","その他日用品","ソノタニチヨウヒン"
"299797","その他日用品","ソノタニチヨウヒン"
"3","文化用品","ブンカヨウヒン"
"31","文具・事務用品・情報文具","ブング,ジムヨウヒン"
"3101","情報整理用品","ジヨウホウセイリヨウヒン"
"310101","OAスタンド","OAスタンド"
"310103","カードケース・ボックス","カ-ドケ-ス,ボツクス"
"310197","情報整理用品一般","ジヨウホウセイリヨウヒンイ"
"3102","ファイル・バインダー","フアイル,バインダ-"
"310201","ファイル","フアイル"
"310203","ボックスファイル","ボツクスフアイル"
"310205","フォルダー","フオルダ-"
"310207","用箋挟み","ヨウセンバサミ"
"310209","バインダー","バインダ-"
"310297","ファイル・バインダー、一般","フアイル,バインダ-,イ"
"3103","事務用品","ジムヨウヒン"
"310301","印章・印字用品","インシヨウ,インジヨウヒン"
"310303","ファスナー","フアスナ-"
"310305","クリップ","クリツプ"
"310307","画鋲・ピン","ガビヨウ,ピン"
"310309","ゴムバンド","ゴムバンド"
"310311","カッターナイフ","カツタ-ナイフ"
"310313","はさみ","ハサミ"
"310315","粘着テープ","ネンチヤクテ-プ"
"310317","糊つきメモ","ノリツキメモ"
"310319","接着剤","セツチヤクザイ"
"310397","事務用品一般","ジムヨウヒンイツパン"
"3104","筆記用具","ヒツキヨウグ"
"310401","鉛筆","エンピツ"
"310403","シャープペンシル","シヤ-プペンシル"
"310405","ボールペン","ボ-ルペン"
"310407","マーキングペン","マ-キングペン"
"310409","万年筆","マンネンヒツ"
"310411","消しゴム","ケシゴム"
"310413","修正液","シユウセイエキ"
"310415","筆ペン","フデペン"
"310497","筆記用具一般","ヒツキヨウグイツパン"
"3105","紙製品","カミセイヒン"
"310501","ノート","ノ-ト"
"310503","手帳","テチヨウ"
"310505","カード","カ-ド"
"310507","便箋","ビンセン"
"310509","封筒","フウトウ"
"310511","保存袋、手提袋","ホゾンフクロ,テサゲフク"
"310513","事務用紙製品","ジムヨウカミセイヒン"
"310515","届け出用紙","トドケデヨウシ"
"310597","紙製品一般","カミセイヒンイツパン"
"3106","日用紙製品","ニチヨウカミセイヒン"
"310601","アルバム","アルバム"
"310603","礼式用品","レイシキヨウヒン"
"310605","一般紙製品","イツパンカミセイヒン"
"310607","輸入紙製品","ユニユウカミセイヒン"
"310609","はがき","ハガキ"
"310611","和本","ワボン"
"310613","包装用品","ホウソウヨウヒン"
"310697","日用紙製品一般","ニチヨウカミセイヒンイツパ"
"3107","教育関連用品","キヨウイクカンレンヨウヒン"
"310701","絵画用品","カイガヨウヒン"
"310703","書道用品","シヨドウヨウヒン"
"310705","彫刻用品","チヨウコクヨウヒン"
"310707","そろばん","ソロバン"
"310709","鉛筆削り","エンピツケズリ"
"310711","筆入れ","フデイレ"
"310713","定規・コンパス","ジヨウギ,コンパス"
"310715","学童用品・教材教具","ガクドウヨウヒン,キヨウ"
"310717","地球儀類","チキユウギルイ"
"310719","光学用品","コウガクヨウヒン"
"310797","教育関連用品一般","キヨウイクカンレンヨウヒンイ"
"3108","電子文具","デンシブング"
"310801","電卓","デンタク"
"310803","電子手帳","デンシテチヨウ"
"310805","電子黒板","デンシコクバン"
"310897","電子文具一般","デンシブングイツパン"
"3109","事務用機器","ジムヨウキキ"
"310901","チェックライター","チエツクライタ-"
"310903","パンチ","パンチ"
"310905","ホチキス","ホチキス"
"310907","裁断器","サイダンキ"
"310997","事務用機器一般","ジムヨウキキイツパン"
"3110","事務機械","ジムキカイ"
"311001","ワードプロセッサ","ワ-ドプロセツサ"
"311003","複写機","フクシヤキ"
"311005","タイムレコーダー","タイムレコ-ダ-"
"311007","ファクシミリ・電話","フアクシミリ,デンワ"
"311009","レジスター","レジスタ-"
"311011","パソコン","パソコン"
"311013","印刷機","インサツキ"
"311015","シュレッダー","シユレツダ-"
"311017","ラミネーター","ラミネ-タ-"
"311019","オーバーヘッドプロジェクター","オ-バ-ヘツドプロジ"
"311021","製本機","セイホンキ"
"311097","事務機械一般","ジムキカイイツパン"
"3111","OAサプライズ","OAサプライズ"
"311101","データファイル・バインダー","デ-タフアイル,バインタ"
"311103","フロッピーディスク","フロツピ-デイスク"
"311105","OA用紙","OAヨウシ"
"311107","OAリボン","OAリボン"
"311109","ラミネート用品","ラミネ-トヨウヒン"
"311111","OHP用品","OHPヨウヒン"
"311197","OAサプライズ一般","OAサプライズイツパン"
"3112","設計製図用品","セツケイセイズヨウヒン"
"311201","製図機械","セイズキカイ"
"311203","製図ペン","セイズペン"
"311205","製図用定規・コンパス","セイズヨウジヨウギ.コ"
"311297","設計製図用品一般","セツケイセイズヨウヒンイツ"
"3113","デザイン画材用品","デザインガザイヨウヒ"
"311301","レタリングシート","レタリングシ-ト"
"311397","デザイン画材用品一般","デザインガザイヨウヒ"
"3115","オフィス家具","オフイスカグ"
"311501","机・テーブル","ツクエ.テ-ブル"
"311503","椅子","イス"
"311505","収納家具・ロッカー","シユウノウカグ,ロツカ-"
"311507","金庫","キンコ"
"311509","物品棚","ブツピンタナ"
"311511","オフィスアクセサリー","オフイスアクセサリ-"
"311513","黒板・ホワイトボード","コクバン,ホワイトボ-ト"
"311515","応接セット","オウセツセツト"
"311597","オフィス家具一般","オフイスカグイツパン"
"3116","携帯文具","ケイタイブング"
"311601","袋ものカバン","フクロモノカバン"
"311603","パスケース","パスケ-ス"
"311605","名刺入れ","メイシイレ"
"311697","携帯文具一般","ケイタイブングイツパン"
"3117","文具、事務用品贈答品","ブング,ジムヨウヒンソ"
"311797","文具、事務用品贈答品一般","ブング,ジムヨウヒンソ"
"3118","文具関連電気用品","ブングカンレンデンキヨ"
"311801","電池","デンチ"
"311803","カセット","カセツト"
"311805","ビデオテープ","ビデオテ-プ"
"311897","文具関連電気用品一般","ブングカンレンデンキヨ"
"3197","一般文具・事務用品・情報文具","ブング,ジムヨウヒン"
"319797","その他一般文具・事務用品・情報文具","ブング,ジムヨウヒン"
"32","玩具","ガング"
"3201","一般ゲーム","イツパンゲ-ム"
"320101","盤ゲーム","バンゲ-ム"
"320103","アクションゲーム","アクシヨンゲ-ム"
"320105","ミニゲーム","ミニゲ-ム"
"320107","ジョークゲーム","ジヨ-クゲ-ム"
"320111","シミュレーションゲーム","シミユレ-シヨンゲ-ム"
"320113","カードゲーム","カ-ドゲ-ム"
"320115","古典ゲーム","コテンゲ-ム"
"320117","手品","テジナ"
"320119","ジョークトーイ","ジヨ-クト-イ"
"320121","その他アダルトゲーム","ソノタアダルトゲ-ム"
"320197","一般ゲームその他","イツパンゲ-ムソノタ"
"3202","パズル","パズル"
"320201","パズル","パズル"
"320203","ジグソーパズル","ジグソ-パズル"
"320297","その他パズル","ソノタパズル"
"3203","電子ゲーム","デンシゲ-ム"
"320301","電子ゲーム","デンシゲ-ム"
"320397","電子ゲームその他","デンシゲ-ムソノタ"
"3204","テレビゲーム・パソコン","テレビゲ-ム.パソコン"
"320401","テレビゲーム・パソコン本体","テレビゲ-ム.パソコン"
"320403","テレビゲーム・パソコンソフト","テレビゲ-ム.パソコン"
"320497","その他テレビゲーム・パソコン","ソノタテレビゲ-ム.パ"
"3205","男児キャラクター","ダンジキヤラクタ-"
"320501","オリジナル男児キャラクター","オリジナルダンジキヤラ"
"320503","マスコミ男児キャラクター","マスコミダンジキヤラクタ"
"320597","その他男児キャラクター","ソノタダンジキヤラクタ-"
"3206","アクショントーイ","アクシヨント-イ"
"320601","フリクションアクショントーイ","フリクシヨンアクシヨント-イ"
"320603","バッテリーアクショントーイ","バツテリ-アクシヨント-イ"
"320605","ゼンマイアクショントーイ","ゼンマイアクシヨント-イ"
"320697","その他アクショントーイ","ソノタアクシヨント-イ"
"3207","ミニカー","ミニカ-"
"320701","ミニカー","ミニカ-"
"320703","ミニカー用品","ミニカ-ヨウヒン"
"320705","アクションミニカー","アクシヨンミニカ-"
"320797","その他ミニカー","ソノタミニカ-"
"3208","レールトーイ","レ-ルト-イ"
"320801","レールトーイ","レ-ルト-イ"
"320897","その他レールトーイ","ソノタレ-ルト-イ"
"3209","コントロール・サイエンストーイ","コントロ-ル.サイエンスト-"
"320901","トイラジオコントロール","トイラジオコントロ-ル"
"320903","リモートコントロール","リモ-トコントロ-ル"
"320905","レーシング","レ-シング"
"320909","ハイテックロボ","ハイテツクロボ"
"320911","サイエンスホビー","サイエンスホビ-"
"320997","その他コントロール・サイエンストーイ","ソノタコントロ-ル.サイエン"
"3210","きせかえ","キセカエ"
"321001","人形","ニンギヨウ"
"321003","ハウス・家具","ハウス.カグ"
"321005","きせかえ用品","キセカエヨウヒン"
"321097","その他 きせかえ","ソノタ キセカエ"
"3211","ままごと","ママゴト"
"321101","ままごと","ママゴト"
"321197","その他 ままごと","ソノタ ママゴト"
"3212","女児ホビー","ジヨジホビ-"
"321201","女児ホビー","ジヨジホビ-"
"321203","女児コレクションホビー","ジヨジコレクシヨンホビ"
"321207","音楽","オンガク"
"321297","その他女児ホビー","ソノタジヨジホビ-"
"3213","トイドール","トイド-ル"
"321301","抱き人形","ダキニンギヨウ"
"321303","アクション人形","アクシヨンニンギヨウ"
"321305","ファッション人形","フアツシヨンニンギヨウ"
"321397","その他トイドール","ソノタトイド-ル"
"3214","知育・音楽玩具","チイク.オンガクガング"
"321401","学習器","ガクシユウキ"
"321403","ブロック","ブロツク"
"321405","積木","ツミキ"
"321407","マイク・楽器","マイク.ガツキ"
"321409","工作","コウサク"
"321411","幼児用パズル","ヨウジヨウパズル"
"321497","その他知育","ソノタチイク"
"3215","保育玩具","ホイクガング"
"321501","バストーイ","バスト-イ"
"321503","ベビートーイ","ベビ-ト-イ"
"321505","ベビー用品","ベビ-ヨウヒン"
"321597","その他保育玩具","ソノタホイクガング"
"3216","ファンシー","フアンシ-"
"321601","リビング","リビング"
"321603","生活雑貨","セイカツザツカ"
"321605","身辺雑貨","シンペンザツカ"
"321607","フーズ","フ-ズ"
"321609","パーティー","パ-テイ-"
"321611","レジャー用品","レジヤ-ヨウヒン"
"321613","ステーショナリー","ステ-シヨナリ-"
"321697","その他ファンシー","ソノタフアンシ-"
"3217","ぬいぐるみ","ヌイグルミ"
"321701","ぬいぐるみ","ヌイグルミ"
"321703","キャラクターぬいぐるみ","キヤラクタ-ヌイグルミ"
"321705","アクションぬいぐるみ","アクシヨンヌイグルミ"
"321797","その他ぬいぐるみ","ソノタヌイグルミ"
"3218","プラモデル","プラモデル"
"321801","プラモデル(陸)","プラモデル(リク)"
"321803","プラモデル(海)","プラモデル(ウミ)"
"321805","プラモデル(空)","プラモデル(ソラ)"
"321807","プラモデルキャラクター","プラモデルキヤラクタ-"
"321897","その他プラモデル","ソノタプラモデル"
"3219","ラジオコントロール","ラジオコントロ-ル"
"321901","電動ラジオコントロール","デンドウラジオコントロ"
"321903","エンジンラジオコントロール","エンジンラジオコントロ-"
"321905","ラジオコントロール用品","ラジオコントロ-ルヨウヒン"
"321997","その他 ラジオコントロール","ソノタ ラジオコントロ-ル"
"3220","鉄道模型","テツドウモケイ"
"322001","Nゲージ","Nゲ-ジ"
"322003","その他のゲージ","ソノタノゲ-ジ"
"322005","鉄道模型用品","テツドウモケイヨウヒン"
"322097","その他 鉄道模型","ソノタ テツドウモケイ"
"3221","ガン","ガン"
"322101","シューティングガン","シユ-テイングガン"
"322103","モデルガン","モデルガン"
"322105","ガン用品","ガンヨウヒン"
"322197","その他 ガン","ソノタ ガン"
"3222","クラフト・アダルトホビー","クラフト.アダルトホビ-"
"322201","クラフトホビー","クラフトホビ-"
"322203","アダルトホビー","アダルトホビ-"
"322297","その他クラフト・アダルトホビー","ソノタクラフト.アダルトホ"
"3223","ホビー関連用品","ホビ-カンレンヨウヒン"
"322301","ホビー関連用品","ホビ-カンレンヨウヒン"
"322397","その他 ホビー関連用品","ソノタ ホビ-カンレンヨウ"
"3224","ギフト人形","ギフトニンギヨウ"
"322401","和人形","ニホンニンギヨウ"
"322403","洋人形","セイヨウニンギヨウ"
"322405","アンティック人形","アンテイツクニンギヨウ"
"322497","その他 ギフト人形","ソノタ ギフトニンギヨウ"
"3225","季節用品","キセツヨウヒン"
"322501","正月人形","1ガツニンギヨウ"
"322503","三月人形","3ガツニンギヨウ"
"322505","五月人形","5ガツニンギヨウ"
"322507","その他人形","ソノタニンギヨウ"
"322509","正月用品","シヨウガツヨウヒン"
"322511","水物ビニール用品","ミズモノビニ-ルヨウヒン"
"322513","その他夏物用品","ソノタナツモノヨウヒン"
"322515","縁日物玩具","エンニチモノガング"
"322517","クリスマス用品","クリスマスヨウヒン"
"322597","その他 季節用品","ソノタ キセツヨウヒン"
"3226","花火","ハナビ"
"322601","幼児向け花火","ヨウジムケハナビ"
"322603","ヤング向け花火","ヤングムケハナビ"
"322697","その他 花火","ソノタ ハナビ"
"3227","小物玩具","コモノガング"
"322701","小物玩具","コモノガング"
"322703","紙製玩具","カミセイガング"
"322797","その他 小物玩具","ソノタ コモノガング"
"3228","トイスポーツ","トイスポ-ツ"
"322801","トイスポーツ","トイスポ-ツ"
"322803","ジュニアトイスポーツ","ジユニアトイスポ-ツ"
"322897","その他スポーツ","ソノタスポ-ツ"
"3229","乗物","ノリモノ"
"322901","乗物","ノリモノ"
"322903","ベビーカー","ベビ-カ-"
"322905","遊具","ユウグ"
"322997","その他乗物","ソノタノリモノ"
"3297","その他玩具","ソノタガング"
"329797","その他玩具","ソノタガング"
"33","書籍","シヨセキ"
"3397","一般書籍","イツパンシヨセキ"
"339797","一般書籍","イツパンシヨセキ"
"34","楽器・音響ソフト","ガツキ,オンキヨウソフト"
"3401","ピアノ類","ピアノルイ"
"340101","ピアノ","ピアノ"
"340103","ハープシコード、鍵盤弦楽器","ハ-プシコ-ドルイ"
"340105","ハープ","ハ-プ"
"340197","ピアノその他けん(鍵)盤楽器一般","ピアノ,ケンバンガツキ"
"3402","オルガン類","オルガンルイ"
"340201","パイプオルガン","パイプオルガン"
"340203","リードオルガン","リ-ドオルガン"
"340205","ハーモニカ","ハ-モニカ"
"340207","けん盤ハーモニカ","ケンバンハ-モニカ"
"340209","アコーディオン","アコ-デイオン"
"340211","パンパイプ","パンパイプ"
"340297","リード楽器一般","リ-ドガツキイツパン"
"3403","管楽器","カンガツキ"
"340301","金管楽器","キンカンガツキ"
"340303","木管楽器","モツカンガツキ"
"340397","管楽器一般","カンガツキイツパン"
"3404","弦楽器","ゲンガツキ"
"340401","バイオリン","バイオリン"
"340403","ビオラ","ビオラ"
"340405","チェロ","チエロ"
"340407","ダブルベース","ダブルベ-ス"
"340409","マンドリン","マンドリン"
"340411","アコースティックギター","アコ-ステイツクギタ-"
"340413","ウクレレ","ウクレレ"
"340415","バンジョー","バンジヨ-"
"340497","弦楽器一般","ゲンガツキイツパン"
"3405","打楽器","ダガツキ"
"340501","太鼓","タイコ"
"340503","ティンパニー","テインパニ-"
"340505","立奏木琴","リツソウモツキン"
"340507","鉄琴","テツキン"
"340509","チューブラーベル","チユ-ブラ-ベル"
"340511","ゴング","ゴング"
"340513","シンバル","シンバル"
"340515","タンブリン","タンブリン"
"340597","打楽器一般","ダガツキイツパン"
"3406","電子楽器及び電気楽器","デンシガツキオヨビデ"
"340601","電子楽器","デンシガツキ"
"340603","電気楽器","デンキガツキ"
"340697","電子楽器・電気楽器一般","デンシガツキ,デンキカ"
"3407","和楽器","ワガツキ"
"340701","弦楽器","ゲンガツキ"
"340703","管楽器","カンガツキ"
"340705","打楽器","ダガツキ"
"340797","和楽器一般","ワガツキイツパン"
"3408","楽器の部分品・附属品","ガツキノブブンヒン,フ"
"340801","楽器用の弦","ガツキヨウノゲン"
"340803","楽器用の弓","ガツキヨウノユミ"
"340805","ばち(撥)","バチ (バチ)"
"340807","自動演奏用のせん孔した楽器","ジドウエンソウヨウ セン"
"340809","オルゴールのムーブメント","オルゴ-ルノム-ブメント"
"340811","メトロノーム","メトロノ-ム"
"340813","調子笛・音さ","チヨウシフエ,オンサ"
"340897","楽器の部分品・附属品一般","ガツキノブブンヒン,フ"
"3409","記録物類","キロクブツルイ"
"340901","ディスク式記録物類","デイスクシキキロクブツル"
"340903","テープ式記録物類","テ-プシキキロクブツルイ"
"340905","映像用フィルム","エイゾウヨウフイルム"
"340997","記録物一般","キロクブツイツパン"
"3410","楽譜","ガクフ"
"341001","ピアノ楽譜","ピアノガクフ"
"341003","電子オルガン楽譜","デンシオルガンガクフ"
"341005","ギター楽譜","ギタ-ガクフ"
"341007","弦楽器楽譜","ゲンガツキガクフ"
"341009","管・打楽器・吹奏楽楽譜","カン,ダガツキ,スイソウ"
"341011","デジタル楽器楽譜","デジタルガツキガクフ"
"341013","アンサンブル楽譜","アンサンブルガクフ"
"341015","オーケストラスコア","オ-ケストラスコア"
"341017","ロックバンドスコア","ロツクバンドスコア"
"341019","声楽・合唱・聴音楽譜","セイガク,ガツシヨウガ"
"341021","カラオケ・歌集・歌謡曲楽譜","カラオケ,カシユウ,カヨウカ"
"341023","和楽器楽譜","ワガツキガクフ"
"341097","その他楽譜","ソノタガクフ"
"3411","音楽書籍・雑誌","オンガクシヨセキ,ザツシ"
"341101","音楽辞典","オンガクジテン"
"341103","音楽理論書・専門書","オンガクリロンシヨ,センモ"
"341105","音楽読み物・エッセイ","オンガクヨミモノ,エツセイ"
"341107","音楽雑誌","オンガクザツシ"
"341109","コンピュータ音楽書籍","コンピユ-タオンガクシヨ"
"341111","オーディオ音楽書籍","オ-デイオオンガクシヨセ"
"341197","その他音楽書籍・雑誌","ソノタオンガクシヨセキ,サ"
"3412","楽譜関連商品","ガクフカンレンシヨウヒン"
"341201","楽譜出版社制作ビデオ","ガクフシユツパンビデ"
"341203","楽譜出版社制作CD","ガクフシユツパンCD"
"341205","楽譜出版社制作CD-ROM・DVD","ガクフシユツパンCD-R"
"341207","ミュージックデータ","ミユ-ジツクデ-タ"
"341209","楽譜関連グッズ","ガクフカンレングツズ"
"341297","その他楽譜関連商品","ソノタガクフカンレンシヨウ"
"3497","一般楽器・音響ソフト","イツパンガツキ,オンキヨ"
"349797","その他一般楽器・音響ソフト","イツパンガツキ,オンキヨ"
"36","情報機器","ジヨウホウキキ"
"3601","デジタル型","デジタルガタ"
"360101","中央処理装置","チユウオウシヨリソウチ"
"360103","パーソナルコンピュータ","パ-ソナルコンピユ-タ"
"360105","補助記憶装置","ホジヨキオクソウチ"
"360107","入出力装置","ニユウシユツリヨクソウチ"
"360109","端末装置","タンマツソウチ"
"360111","オフライン装置","オフラインソウチ"
"360113","電子計算機用部品・附属品・入力部品","デンシケイサンキヨウブヒ"
"360197","デジタル型一般","デジタルガタイツパン"
"3602","アナログ型","アナログガタ"
"360297","アナログ型一般","アナログガタイツパン"
"3603","ハイブリット型","ハイブリツトガタ"
"360397","ハイブリット型一般","ハイブリツトガタイツパ"
"3604","システム・プログラム","システム,プログラム"
"360401","汎用プログラム","ハンヨウプログラム"
"360403","カスタムプログラム","カスタムプログラム"
"360497","システム・プログラム一般","システム,プログラムイツ"
"3605","アプリケーション・プログラム","アプリケ-シヨン,プロク"
"360501","汎用プログラム","ハンヨウプログラム"
"360503","カスタムプログラム","カスタムプログラム"
"360597","アプリケーション・プログラム一般","アプリケ-シヨン,プロク"
"3606","有線通信装置","ユウセンツウシンソウチ"
"360601","電話機","デンワキ"
"360603","電話応用電話機","デンワオウヨウデンワキ"
"360605","電信装置","デンシンソウチ"
"360607","画像装置","ガゾウソウチ"
"360609","交換機","コウカンキ"
"360611","伝送装置","デンソウソウチ"
"360613","有線通信機器用部品・附属品","ユウセンツウシンキキヨウブ"
"360697","有線通信装置一般","ユウセンツウシンソウチイツハ"
"3697","一般情報機器","イツパンジヨウホウキキ"
"369797","その他一般情報機器","ソノタイツパンジヨウホウ"
"39","その他文化用品","ソノタブンカヨウヒン"
"3901","マッチ、ろうそく、くん(薫)物、線香","マツチ,ロウソク,クンモノ,"
"390101","マッチ","マツチ"
"390103","マッチ箱","マツチハコ"
"390105","つけ木","ツケギ"
"390107","ろうそく","ロウソク"
"390109","くん物","クンモノ"
"390111","線香","センコウ"
"390197","マッチ類一般","マツチルイイツパン"
"3902","裁縫用小物用品","サイホウヨウコモノヨウヒン"
"390201","ボタン","ボタン"
"390203","プレスファスナー、スナップファスナー","プレスフアスナ-,スナツフ"
"390205","縫針及び指ぬき","ヌイバリオヨビユビヌキ"
"390297","裁縫用小物用品一般","サイホウヨウコモノヨウヒンイ"
"3903","標識及び広告用品","ヒヨウシキオヨビコウコクヨ"
"390301","道路標識","ドウロヒヨウシキ"
"390303","停留場標識","テイリユウジヨウヒヨウシキ"
"390305","広告用品","コウコクヨウヒン"
"390307","電気標識","デンキヒヨウシキ"
"390309","アドバルーン","アドバル-ン"
"390311","空中投影機","クウチユウトウエイキ"
"390397","標識及び広告用品一般","ヒヨウシキオヨビコウコクヨ"
"3904","宗教用具","シユウキヨウヨウグ"
"390401","神だな(棚)・神具","カミダナ(タナ),シング"
"390403","仏檀・仏具","ブツダン,ブツグ"
"390405","祭檀、祭具・結納品","サイダン,サイグ,ユイノ"
"390407","葬具","ソウグ"
"390497","宗教用具一般","シユウキヨウヨウグイツパ"
"3997","一般文化用品","イツパンブンカヨウヒン"
"399797","その他一般文化用品","ソノタイツパンブンカヨウ"
"4","耐久消費財","タイキユウシヨウヒザイ"
"42","家具","カグ"
"4201","たんす","タンス"
"420101","和たんす","ワタンス"
"420103","洋たんす","ヨウタンス"
"420105","整理たんす(チェスト)","セイリタンス(チエスト)"
"420197","たんす一般","タンスイツパン"
"4202","戸だな","トダナ"
"420201","飾り戸だな","カザリトダナ"
"420203","書籍戸だな","シヨセキトダナ"
"420205","サイドボード","サイドボ-ド"
"420207","食器戸だな","シヨツキトダナ"
"420209","茶だな","チヤダナ"
"420211","整理戸だな類","セイリトダナルイ"
"420213","陳列戸だな","チンレツトダナ"
"420215","げた箱","ゲタバコ"
"420297","戸だな一般","トダナイツパン"
"4203","たな","タナ"
"420301","書だな","シヨダナ"
"420303","飾りだな","カザリダナ"
"420305","陳列だな","チンレツダナ"
"420307","整理だな","セイリダナ"
"420397","たな一般","タナイツパン"
"4204","箱","ハコ"
"420401","衣料整理箱","イリヨウセイリバコ"
"420403","裁縫箱","サイホウバコ"
"420405","がん(玩)具箱","ガン(ガン)グバコ"
"420407","レコードキャビネット","レコ-ドキヤビネツト"
"420409","事務用整理箱","ジムヨウセイリバコ"
"420497","箱一般","ハコイツパン"
"4205","フォノキャビネット","フオノキヤビネツト"
"420501","ラジオキャビネット","ラジオキヤビネツト"
"420503","テレビキャビネット","テレビキヤビネツト"
"420505","ステレオキャビネット","ステレオキヤビネツト"
"420597","フォノキャビネット一般","フオノキヤビネツトイツパ"
"4206","机","ツクエ"
"420601","座机","スワリヅクエ"
"420603","立机","タチヅクエ"
"420605","学校用机","ガツコウヨウツクエ"
"420697","机一般","ツクエイツパン"
"4207","テーブル(卓子)","テ-ブル (テ-ブル)"
"420701","座卓","ザタク"
"420703","立卓","リツタク"
"420797","テーブル(卓子)一般","テ-ブル (テ-ブル)"
"4208","鏡台","キヨウダイ"
"420801","一面鏡台","イチメンキヨウダイ"
"420803","三面鏡台","サンメンキヨウダイ"
"420805","姫鏡台","ヒメキヨウダイ"
"420807","姿見(脚付き)","スガタミ (キヤクツキ)"
"420809","壁掛け鏡","カベカケカガミ"
"420811","ドレッサー","ドレツサ-"
"420897","鏡台一般","キヨウダイイツパン"
"4209","台","ダイ"
"420901","調理台","チヨウリダイ"
"420903","配ぜん(膳)台","ハイゼン (ゼン) ダ"
"420905","流し台","ナガシダイ"
"420907","ガス台","ガスダイ"
"420909","作業台","サギヨウダイ"
"420911","実験台","ジツケンダイ"
"420913","陳列台","チンレツダイ"
"420915","売場台","ウリバダイ"
"420997","台一般","ダイイツパン"
"4210","いす(椅子)・腰掛け","イス (イス) ,コシカケ"
"421001","(一人用ひじなし)ソファー","(ヒトリヨウヒジナシ) ソ"
"421003","スツール","スツ-ル"
"421005","座いす","ザイス"
"421007","小いす","コ イス"
"421009","ひじ掛けいす","ヒジカケイス"
"421011","長いす","ナガイス"
"421013","寝いす","ネイス"
"421015","乳幼児用いす","ニユウヨウジヨウイス"
"421017","特殊用途のいす","トクシユヨウトノイス"
"421097","いす(椅子)・腰掛け一般","イス (イス) ,コシカケイ"
"4211","ベッド","ベツド"
"421101","普通ベッド","フツウベツド"
"421103","ハリウッドベッド","ハリウツドベツド"
"421105","二段ベッド","ニダンベツド"
"421107","ベビーベッド","ベビ-ベツド"
"421109","スタディオベッド","スタデイオベツド"
"421111","コンバーチブルベッド","コンバ-チブルベツド"
"421113","特殊用途のベッド","トクシユヨウトノベツド"
"421115","ベッド用部品","ベツドヨウブヒン"
"421197","ベッド一般","ベツドイツパン"
"4212","マットレス","マツトレス"
"421201","スプリングマットレス","スプリングマツトレス"
"421203","フォームマットレス","フオ-ムマツトレス"
"421205","ウォーターマットレス","ウオ-タ-マツトレス"
"421297","マットレス一般","マツトレスイツパン"
"4213","金庫","キンコ"
"421301","耐火金庫","タイカキンコ"
"421303","手さげ金庫","テサゲキンコ"
"421397","金庫一般","キンコイツパン"
"4214","ロッカー","ロツカ-"
"421401","更衣用ロッカー","コウイヨウロツカ-"
"421403","物品用ロッカー","ブツピンヨウロツカ-"
"421497","ロッカー一般","ロツカ-イツパン"
"4215","器物台","キブツダイ"
"421501","花器台","カキダイ"
"421503","植木台","ウエキダイ"
"421505","電話台","デンワダイ"
"421507","置物台","オキモノダイ"
"421509","テレビ台","テレビダイ"
"421511","囲碁・将棋盤用の台","イゴ,シヨウギバンヨウ"
"421513","見台","ケンダイ"
"421597","器物台一般","キブツダイイツパン"
"4297","一般家具","イツパンカグ"
"429797","その他一般家具","ソノタイツパンカグ"
"43","車両用品","シヤリヨウヨウヒン"
"4303","自転車","ジテンシヤ"
"430301","ファミリー車","フアミリ-シヤ"
"430303","スポーツ車","スポ-ツシヤ"
"430305","子供車","コドモシヤ"
"430307","自転車パーツ","ジテンシヤパ-ツ"
"430397","自転車一般","ジテンシヤイツパン"
"4311","車用タイヤ","クルマヨウタイヤ"
"431101","乗用車用タイヤ","ジヨウヨウシヤヨウタイヤ"
"431103","トラック、バス用タイヤ","トラツク、バスヨウタイヤ"
"431105","冬用タイヤ","フユヨウタイヤ"
"431197","車用その他タイヤ及び付属品","クルマヨウソノタタイヤ"
"4312","車用ホイール","クルマヨウホイール"
"431201","車用アルミホイール","クルマヨウアルミホイール"
"431203","車用スチールホイール","クルマヨウスチールホイール"
"431297","車用その他ホイール及び付属品","クルマヨウソノタホイール"
"4313","車用オーディオ用品","クルマヨウオーデイオ"
"431301","車用CD、MD、カセットデッキ","クルマヨウCD、MD"
"431303","車用スピーカー、アンプ","クルマヨウスピーカー"
"431397","その他車用オーディオ用品","ソノタクルマヨウオーデイオ"
"4314","車用コミュニケーション機器","クルマヨウコミユニケーシヨン"
"431401","カーナビゲーション","カーナビゲーシヨン"
"431403","車用テレビ","クルマヨウテレビ"
"431405","車用映像再生装置","クルマヨウエイゾウサイセイ"
"431407","ETC","ETC"
"431497","その他車用コミュニケーション機器","ソノタクルマミユニケーシヨン"
"4315","洗車、補修用品","センシヤ、ホシユウヨウヒン"
"431501","洗車用シャンプー","センシヤヨウシヤンプー"
"431503","車用ワックス、コート剤","クルマヨウワツクス"
"431505","ウィンド関連","ウインドカンレン"
"431507","車用クリーナー","クルマヨウクリーナー"
"431509","車用ペイント、補修剤","クルマヨウペイント"
"431511","洗車関連用品","センシヤカンレンヨウヒン"
"431597","その他洗車、補修用品","ソノタセンシヤ、ホシユウ"
"4316","車用アクセサリー","クルマヨウアクセサリー"
"431601","車用芳香、消臭、脱臭剤","クルマヨウホウコウ"
"431603","車用キャリア","クルマヨウキヤリア"
"431605","車用チャイルドシート","クルマヨウチヤイルドシート"
"431607","車内アクセサリー","シヤナイアクセサリー"
"431609","車外アクセサリー","シヤガイアクセサリー"
"431611","車内電装機器","シヤナイデンソウキキ"
"431697","その他車用アクセサリー","ソノタクルマヨウアクセサリー"
"4317","車用ドレスアップ用品","クルマヨウドレスアツプ"
"431701","ライト関連","ライトカンレン"
"431703","ステアリング","ステアリング"
"431705","シフト、ペダル類","シフト、ペダルルイ"
"431707","シート関連","シートカンレン"
"431709","ホイル関連","ホイルカンレン"
"431711","ドレスアップ用電装用品","ドレスアツプデンソウ"
"431797","その他車用ドレスアップ用品","ソノタドレスアツプ"
"4318","車用メンテナンス用品","クルマヨウメンテナンスヨウヒ"
"431801","エンジンオイル","エンジンオイル"
"431803","その他オイル","ソノタオイル"
"431805","車用バッテリー","クルマヨウバツテリー"
"431807","ワイパブレード","ワイパブレード"
"431809","車用オイルフィルター","クルマヨウオイルフイルター"
"431811","車用エアフィルター","クルマヨウエアフイルター"
"431813","車用フェールフィルター","クルマヨウフエールフイルター"
"431815","車用エアコンフィルター","クルマヨウエアコンフイルター"
"431817","車用電球、電装用品","クルマヨウデンキユウ"
"431819","車用工具","クルマヨウコウグ"
"431821","車用緊急応急用品","クルマヨウキンキユウオウキユ"
"431897","その他車用メンテナンス用品","ソノタクルマヨウメンテナンス"
"4319","車用ケミカル用品","クルマヨウケミカルヨウヒン"
"431901","車用電装関連ケミカル","クルマヨウデンソウカンレン"
"431903","車用冷却関連ケミカル","クルマヨウレイキヤクカンレン"
"431905","車用潤滑関連ケミカル","クルマヨウジユンカツカンレ"
"431907","車用燃料関連ケミカル","クルマヨウネンリヨウカンレン"
"431909","車用駆動関連ケミカル","クルマヨウクドウカンレン"
"431911","車用業務関連ケミカル","クルマヨウギヨウムカンレン"
"431997","その他車用等ケミカル","ソノタクルマヨウトウケミカル"
"4320","車用チューニング用品","クルマヨウチユーニング"
"432001","エンジン系チューニング用品","エンジンケイチユーニング"
"432003","排気系チューニング用品","ハイキケイチユーニング"
"432005","吸気系チューニング用品","キユウキケイチユーニング"
"432007","サスペンション・ブレーキ系チューニング","サスペンシヨン・ブレーキ"
"432009","車用電装系チューニング用品","クルマヨウデンソウケイ"
"432097","その他車用チューニング用品","ソノタクルマチユーニング"
"4321","自動車部品","ジドウシヤブヒン"
"432101","エンジン部品","エンジンブヒン"
"432103","車用駆動部品","クルマヨウクドウブヒン"
"432105","サスペンション・ブレーキ部品","サスペンシヨン・ブレーキ"
"432107","車体部品","シヤタイブヒン"
"432109","車用電装部品","クルマヨウデンソウブヒン"
"432197","その他部品","ソノタブヒン"
"4322","バイク用品","バイクヨウヒン"
"432201","バイク用品","バイクヨウヒン"
"432297","その他バイク用品類","ソノタバイクヨウヒンルイ"
"4398","その他車両用品","ソノタシヤリヨウヨウヒン"
"439897","その他車両用品","ソノタシヤリヨウヨウヒン"
"44","時計・メガネ","トケイ,メガネ"
"4401","時計","トケイ"
"440101","腕時計","ウデドケイ"
"440103","旅行時計","リヨコウドケイ"
"440105","計器盤用時計","ケイキバンヨウドケイ"
"440107","置・目覚まし時計","オキ,メザマシドケイ"
"440109","掛時計","カケドケイ"
"440197","時計一般","トケイイツパン"
"4402","時計関連用品","トケイカンレンヨウヒン"
"440201","ウオッチケース","ウオツチケ-ス"
"440203","クロックケース部品","クロツクケ-スブヒン"
"440205","その他の時計の部分品","ソノタノトケイノブブンヒ"
"440297","時計関連用品一般","トケイカンレンヨウヒンイツハ"
"4405","メガネ","メガネ"
"440501","メガネレンズ","メガネレンズ"
"440510","メガネ関連品","メガネカンレンヒン"
"440597","メガネ一般","メガネイツパン"
"4497","一般時計・メガネ","イツパントケイ,メガネ"
"449797","その他一般時計・メガネ","ソノタイツパントケイ,メカ"
"45","光学・写真関連品","コウガク,シヤシンカンレン"
"4501","カメラ","カメラ"
"450101","コンパクトカメラ","コンパクトカメラ"
"450103","35mm1眼レフカメラ","35ミリイチガンレフカメラ"
"450105","中・大判カメラ","チユウ.オオバンカメラ"
"450107","インスタントカメラ","インスタントカメラ"
"450109","ムービービデオカメラ","ム-ビ-ビデオカメラ"
"450111","スチイルビデオカメラ","スチイルビデオカメラ"
"450197","その他カメラ","ソノタカメラ"
"4502","交換レンズ","コウカンレンズ"
"450201","35mm交換レンズ","35ミリコウカンレンズ"
"450203","中・大判交換レンズ","チユウ,オオバンコウカンレ"
"450297","その他交換レンズ","ソノタコウカンレンズ"
"4503","光学機器","コウガクキキ"
"450301","双眼鏡","ソウガンキヨウ"
"450303","望遠鏡","ボウエンキヨウ"
"450305","顕微鏡","ケンビキヨウ"
"450397","その他光学機器","ソノタコウガクキキ"
"4504","写真用品","シヤシンヨウヒン"
"450401","フィルター","フイルタ-"
"450403","ストロボ","ストロボ"
"450405","三脚","サンキヤク"
"450407","バッグ","バツグ"
"450409","アルバム","アルバム"
"450411","電池","デンチ"
"450413","スライド、OHP","スライド,OHP"
"450415","補助レンズ","ホジヨレンズ"
"450417","照明用品","シヨウメイヨウヒン"
"450419","撮影用品","サツエイヨウヒン"
"450421","暗室用品","アンシツヨウヒン"
"450497","その他写真用品","ソノタシヤシンヨウヒン"
"4505","フィルム","フイルム"
"450501","ネガカラーフィルム","ネガカラ-フイルム"
"450503","レンズ付フィルム","レンズツキフイルム"
"450505","リバーサルカラーフィルム","リバ-サルカラ-フイルム"
"450507","モノクロフィルム","モノクロフイルム"
"450509","インスタントフィルム","インスタントフイルム"
"450511","特殊フィルム","トクシユフイルム"
"450597","その他フィルム","ソノタフイルム"
"4597","その他光学・写真関連品","ソノタコウガク,シヤシンカ"
"459797","その他光学・写真関連品","ソノタコウガク,シヤシンカ"
"46","家電","カデン"
"4601","テレビ関連","テレビカンレン"
"460105","カラーテレビ","カラ-テレビ"
"460110","HDTV","HDTV"
"460115","プロジェクションテレビ","プロジエクシヨンテレビ"
"460120","液晶テレビ","エキシヨウテレビ"
"460197","テレビ関連機器，その他","テレビカンレンキキ,ソノタ"
"4603","ビデオ関連","ビデオカンレン"
"460305","ビデオデッキ","ビデオデツキ"
"460310","カメラ一体型ビデオ","カメライツタイガタビデ"
"460397","ビデオ関連機器，その他","ビデオカンレンキキ,ソノ"
"4605","VDP関連","VDPカンレン"
"460505","ビデオディスク","ビデオデイスク"
"460597","VDP関連機器，その他","VDPカンレンキキ,ソノタ"
"4607","コンポ，ステレオ関連","コンポ,ステレオカンレン"
"460705","アンプ","アンプ"
"460710","チューナー","チユ-ナ-"
"460715","アナログプレーヤー","アナログプレ-ヤ-"
"460720","スピーカー","スピ-カ-"
"460725","テープデッキ","テ-プデツキ"
"460730","CDプレーヤー","CDプレ-ヤ-"
"460735","デジタル機器","デジタルキキ"
"460797","コンポ，ステレオその他","コンポ,ステレオソノタ"
"4609","ステレオ","ステレオ"
"460905","ミニコンポ","ミニコンポ"
"460997","ステレオその他","ステレオソノタ"
"4611","オーディオ，その他","オ-デイオ,ソノタ"
"461105","マイク","マイク"
"461110","ヘッドホン","ヘツドホン"
"461115","オーディオラック","オ-デイオラツク"
"461120","イコライザー","イコライザ-"
"461125","オーディオタイマー","オ-デイオタイマ-"
"461197","オーディオ，その他","オ-デイオソノタ"
"4613","テレコ，ラジオ関連","テレコ,ラジオカンレン"
"461305","ラジオ","ラジオ"
"461310","ラジカセ","ラジカセ"
"461315","ヘッドホンステレオ","ヘツドホンステレオ"
"461320","テープレコーダー","テ-プレコ-ダ-"
"461397","テレコ，ラジオその他","テレコ,ラジオソノタ"
"4615","カーコンポ関連","カ-コンポカンレン"
"461505","カーステレオ","カ-ステレオ"
"461510","カーアンプ","カ-アンプ"
"461515","カースピーカー","カ-スピ-カ-"
"461520","カーCD","カ-CD"
"461597","カーコンポその他","カ-コンポソノタ"
"4617","トランシーバー，拡声器関連","トランシ-バ-,カクセイキ"
"461705","トランシーバー","トランシ-バ-"
"461710","パーソナル無線","パ-ソナルムセン"
"461715","拡声器","カクセイキ"
"461797","トランシーバー，拡声器その他","トランシ-バ-,カクセイキ"
"4619","磁気テープ等","ジキテ-プトウ"
"461905","ビデオテープ","ビデオテ-プ"
"461910","オーディオテープ","オ-デイオテ-プ"
"461915","フロッピーディスク","フロツピ-デイスク"
"461920","MD，DCC","MD,DCC"
"461925","ソフトフロッピー","ソフトフロツピ-"
"461930","光ディスク","ヒカリデイスク"
"461935","コンピュータメディア群","コンピユ-タメデイアグ"
"461997","磁気テープ等その他","ジキテ-プトウソノタ"
"4621","ルームエアコン，空調機器及び付属品","ル-ムエアコン,クウチヨウキ"
"462105","ルームエアコン","ル-ムエアコン"
"462110","業務用エアコン","ギヨウムヨウエアコン"
"462197","エアコン，空調その他","エアコン,クウチヨウソノタ"
"4623","扇風機","センプウキ"
"462305","扇風機","センプウキ"
"462310","冷風扇","レイフウセン"
"462397","扇風機その他","センプウキソノタ"
"4625","全室暖房","ゼンシツダンボウ"
"462505","石油ストーブ","セキユスト-ブ"
"462510","石油ファンヒーター","セキユフアンヒ-タ-"
"462515","石油温風暖房機","セキユオンプウダンボウ"
"462520","ガスストーブ","ガススト-ブ"
"462525","ガスファンヒーター","ガスフアンヒ-タ-"
"462597","全室暖房その他","ゼンシツダンボウソノタ"
"4627","部分暖房機","ブブンダンボウキ"
"462705","電子毛布","デンキモウフ"
"462710","家具調ヤグラ","カグチヨウヤグラ"
"462715","ヤグラコタツ","ヤグラコタツ"
"462720","電子カーペット","デンシカ-ペツト"
"462725","電気ストーブ","デンキスト-ブ"
"462730","アンカ，カイロ","アンカ,カイロ"
"462735","足温器","ソクオンキ"
"462740","加湿器","カシツキ"
"462745","部分暖房付属","ブブンダンボウフゾ"
"462797","部分暖房その他","ブブンダンボウソノタ"
"4629","厨房機器","チユウボウキキ"
"462905","湯沸器","ユワカシキ"
"462910","ガステーブル","ガステ-ブル"
"462915","ガス調理器","ガスチヨウリキ"
"462920","換気扇","カンキセン"
"462925","レンジフード","レンジフ-ド"
"462930","食器乾燥機","シヨツキカンソウキ"
"462935","食器洗機","シヨツキアライキ"
"462997","厨房機器その他","チユウボウキキソノタ"
"4631","レンジ","レンジ"
"463105","電子レンジ","デンシレンジ"
"463110","据付型オーブン","ソナエツケガタオ-ブン"
"463115","ガスレンジ","ガスレンジ"
"463120","電磁調理器","デンジチヨウリキ"
"463197","レンジその他","レンジソノタ"
"4633","回転調理器","カイテンチヨウリキ"
"463305","ジューサーミキサー","ジユ-サ-ミキサ-"
"463310","餅つき機","モチツキキ"
"463315","ハンドミキサー","ハンドミキサ-"
"463320","コーヒーミル","コ-ヒ-ミル"
"463325","電気氷かき","デンキコオリカキ"
"463330","シャープナー","シヤ-プナ-"
"463397","回転調理器その他","カイテンチヨウリキソノタ"
"4635","電熱調理器","デンネツチヨウリキ"
"463505","電気炊飯器","デンキスイハンキ"
"463510","電子ジャー","デンシジヤ-"
"463515","トースター","ト-スタ-"
"463520","電気オ-ブン","デンキオ-ブン"
"463525","コーヒーメーカー","コ-ヒ-メ-カ-"
"463530","ホットプレート","ホツトプレ-ト"
"463535","タイマースイッチ群","タイマ-スイツチグン"
"463597","電熱調理器その他","デンネツチヨウリキソノタ"
"4637","調理関連","チヨウリカンレン"
"463705","浄水器・整水器","ジヨウスイキ,セイスイキ"
"463797","調理関連その他","チヨウリカンレンソノタ"
"4639","冷蔵機器","レイゾウキキ"
"463905","冷蔵庫","レイゾウコ"
"463910","冷凍庫","レイトウコ"
"463915","ウオータークーラー","ウオ-タ-ク-ラ-"
"463997","冷蔵機器その他","レイゾウキキソノタ"
"4641","家事用品","カジヨウヒン"
"464105","洗濯機","センタクキ"
"464110","乾燥機","カンソウキ"
"464115","フトン乾燥機","フトンカンソウキ"
"464120","スタンド","スタンド"
"464125","掃除機","ソウジキ"
"464197","家事用品その他","カジヨウヒンソノタ"
"4643","理美容用品","リビヨウヨウヒン"
"464305","ヘアードライヤー","ヘア-ドライヤ-"
"464310","ホットカーラー","ホツトカ-ラ-"
"464315","電気カミソリ","デンキカミソリ"
"464320","アイロン","アイロン"
"464325","ズボンプレッサー","ズボンプレツサ-"
"464397","理美容用品その他","リビヨウヨウヒンソノタ"
"4645","健康医療機器","ケンコウイリヨウキキ"
"464505","マッサージ椅子","マツサ-ジイス"
"464510","バイブレーター","バイブレ-タ-"
"464515","補聴器","ホチヨウキ"
"464520","体温計","タイオンケイ"
"464530","血圧計","ケツアツケイ"
"464535","低，高周波治療器","テイ,コウシユウハチリヨウキ"
"464540","電気ハブラシ","デンキハブラシ"
"464545","口腔洗浄機","コウクウセンジヨウキ"
"464550","トレーニング器具","トレ-ニングキグ"
"464555","ゴルフ練習機","ゴルフレンシユウキ"
"464560","ホームサウナ","ホ-ムサウナ"
"464565","温水洗浄便器","オンスイセンジヨウベンサ"
"464597","健康医療機器その他","ケンコウイリヨウキキソノタ"
"4647","照明用品","シヨウメイヨウヒン"
"464705","ペンダント","ペンダント"
"464710","シーリングライト","シ-リングライト"
"464715","ブラケット","ブラケツト"
"464720","シャンデリア","シヤンデリア"
"464725","スタンド(フロアスタンドを含む)","スタンド"
"464797","照明用品その他","シヨウメイヨウヒンソノタ"
"4649","事務機・学用品","ジムキ.ガクヨウヒン"
"464905","電卓","デンタク"
"464910","電訳機","デンヤクキ"
"464915","電子手帳","デンシテチヨウ"
"464920","学用品","ガクヨウヒン"
"464997","事務機・学用品その他","ジムキ.ガクヨウヒンソノ"
"4651","時計・カメラ","トケイ.カメラ"
"465105","時計","トケイ"
"465110","カメラ","カメラ"
"465197","時計・カメラその他","トケイ.カメラソノタ"
"4653","楽器","ガツキ"
"465305","ピアノ(家電メーカー)","ピアノ(カデンメ-カ-)"
"465310","電子ピアノ(家電メーカー)","デンシピアノ(カデンメ"
"465315","電子オルガン(家電メーカー)","デンシオルガン(カデン"
"465320","シンセサイザー(家電メーカー)","シンセサイザ-(カデンメ"
"465397","楽器その他","ガツキソノタ"
"4655","OA機器","OAキキ"
"465505","パソコン","パソコン"
"465510","電話機","デンワキ"
"465515","ワ-プロ","ワ-プロ"
"465520","複写機","フクシヤキ"
"465525","ファクシミリ","フアクシミリ"
"465597","OA機器その他","OAキキソノタ"
"4657","住設用品","ジユウセツヨウヒン"
"465705","厨房設備","チユウボウセツビ"
"465710","ポンプ","ポンプ"
"465715","洗面用品","センメンヨウヒン"
"465720","温水器","オンスイキ"
"465725","インタホン，チャイム群","インタホン,チヤイムグン"
"465797","住設用品その他","ジユウセツヨウヒンソノタ"
"4659","大工・園芸品，レジャー用品","ダイク.エンゲイヒン,レ"
"465905","電動工具","デンドウコウグ"
"465910","園芸器具","エンゲイキグ"
"465915","ポータブル電源群","ポ-タブルデンゲンク"
"465997","大工・園芸品，レジャー用品その他","ダイク.エンゲイレジヤ"
"4661","消耗家電","シヨウモウカデン"
"466105","電池","デンチ"
"466110","電球","デンキユウ"
"466115","螢光ランプ","ケイコウランプ"
"466120","配線器具","ハイセンキグ"
"466125","フラッシュライト","フラツシユライト"
"466130","電池クリーナー","デンチクリ-ナ-"
"466197","消耗家電その他","シヨウモウカデンソノタ"
"4663","消耗部品","シヨウモウブヒン"
"466305","剃刀の替刃","カミソリノカエバ"
"466310","掃除機紙パック","ソウジキカミパツク"
"466315","石油ストーブ芯","セキユスト-ブシン"
"466320","換気扇フィルター","カンキセンフイルタ-"
"466325","空気清浄器フィルター","クウキセイジヨウキフイルタ"
"466330","プリンターリボン","プリンタ-リボン"
"466335","ワープロ用紙","ワ-プロヨウシ"
"466340","感熱紙","カンネツシ"
"466345","ラベル","ラベル"
"466350","浄水機カートリッジ","ジヨウスイキカ-トリツジ"
"466397","消耗部品その他","シヨウモウブヒンソノタ"
"4697","その他家電","ソノタカデン"
"469797","その他家電","ソノタカデン"
"49","その他耐久消費財","ソノタタイキユウシヨウヒザ"
"4901","美術工芸品","ビジユツコウゲイヒン"
"490101","絵画","カイガ"
"490103","彫刻","チヨウコク"
"490105","書跡及び典籍","シヨセキオヨビテンセキ"
"490197","美術工芸品一般","ビジユツコウゲイヒンイ"
"4903","ミシン","ミシン"
"490301","ミシン","ミシン"
"490310","ミシン関連品","ミシンカンレンヒン"
"490397","ミシン一般","ミシンイツパン"
"4904","貴金属","キキンゾク"
"490401","貴金属","キキンゾク"
"490410","貴金属関連品","キキンゾクカンレンヒン"
"490497","貴金属一般","キキンゾクイツパン"
"4997","一般耐久消費財","イツパンタイキユウシヨウヒ"
"499797","その他一般耐久消費財","ソノタイツパンタイキユウシ"
"5","衣料・身回り品","イリヨウ,ミマワリヒン"
"51","衣料・衣服","イリヨウ,イフク"
"5101","肌着・靴下","ハダギ,クツシタ"
"510101","子供肌着","コドモハダギ"
"510103","紳士肌着","シンシハダギ"
"510105","婦人肌着","フジンハダギ"
"510107","ランジェリー、ファンデーション","ランジエリ-,フアンデ-"
"510109","ナイトウェア","ナイトウエア"
"510111","子供靴下","コドモクツシタ"
"510113","紳士靴下","シンシクツシタ"
"510115","婦人靴下","フジンクツシタ"
"510197","肌着・靴下一般","ハダギ,クツシタイツパ"
"5102","子供衣料","コドモイリヨウ"
"510201","ベビー用品","ベビ-ヨウヒン"
"510203","幼児服","ヨウジフク"
"510205","幼児洋品","ヨウジヨウヒン"
"510207","男児服","ダンジフク"
"510209","男児洋品","ダンジヨウヒン"
"510211","女児服","ジヨジフク"
"510213","女児洋品","ジヨジヨウヒン"
"510215","スクール衣料","スク-ルイリヨウ"
"510297","子供衣料一般","コドモイリヨウイツパン"
"5103","紳士衣料","シンシイリヨウ"
"510301","紳士服","シンシフク"
"510303","コート","コ-ト"
"510305","上衣","ウワギ"
"510307","セーター、ベスト","セ-タ-,ベスト"
"510309","スラックス","スラツクス"
"510311","ワイシャツ","ワイシヤツ"
"510313","ワーキングウェア","ワ-キングウエア"
"510397","紳士衣料一般","シンシイリヨウイツパン"
"5104","婦人衣料","フジンイリヨウ"
"510401","婦人服","フジンフク"
"510403","コート","コ-ト"
"510405","スカート","スカ-ト"
"510407","セーター、ブラウス","セ-タ-,ブラウス"
"510409","スラックス","スラツクス"
"510411","服地","フクジ"
"510413","毛皮","ケガワ"
"510415","用品","ヨウヒン"
"510497","婦人衣料一般","フジンイリヨウイツパン"
"5105","スポーツウェア","スポ-ツウエア"
"510501","スキー","スキ-"
"510503","テニス","テニス"
"510505","ゴルフ","ゴルフ"
"510507","マリーン","マリ-ン"
"510509","フィットネス","フイツトネス"
"510511","登山・ヘビーデューティー","トザン ヘビ-デユ-テ"
"510597","スポーツウェア一般","スポ-ツウエア イツパン"
"5106","呉服","ゴフク"
"510601","絵羽","エバ"
"510603","染着尺","ソメキジヤク"
"510605","織着尺","オリキジヤク"
"510607","帯","オビ"
"510609","実用呉服","ジツヨウゴフク"
"510611","小物、付属品","コモノ,フゾクヒン"
"510613","喪装、裏地","モフク,ウラジ"
"510615","コート","コ-ト"
"510697","呉服一般","ゴフクイツパン"
"5107","フォーマル","フオ-マル"
"510701","紳士略礼","シンシリヤクレイ"
"510703","紳士礼服","シンシレイフク"
"510705","紳士上衣、コート、スラックス","シンシウワギ,コ-ト,スラ"
"510707","紳士シャツ他","シンシシヤツホカ"
"510709","婦人","フジン"
"510711","男児","ダンジ"
"510713","女児","ジヨジ"
"510715","小物","コモノ"
"510797","フォーマル一般","フオ-マルイツパン"
"5108","ジーンズ","ジ-ンズ"
"510801","紳士デニムレギュラージーンズ","シンシデニムレギユラ-シ"
"510803","紳士カラーレギュラージーンズ","シンシカラ-レギユラ-ジ"
"510805","紳士その他のボトムス","シンシソノタノボトムス"
"510807","紳士ジーンズトップス","シンシジ-ンズトツプス"
"510809","婦人デニムレギュラージーンズ","フジンデニムレギユラ-"
"510811","婦人カラーレギュラージーンズ","フジンカラ-レギユラ-シ"
"510813","婦人その他のボトムス","フジンソノタノボトムス"
"510815","婦人ジーンズトップス","フジンジ-ンズトツプ"
"510817","子供ジーンズ","コドモジ-ンズ"
"510819","子供ジーンズトップス","コドモジ-ンズトツプ"
"510897","ジーンズ一般","ジ-ンズイツパン"
"5197","一般衣料・衣服","イツパンイリヨウ,イフク"
"519797","その他一般衣料・衣服","イツパンイリヨウ,イフク"
"53","寝具・寝装品","シング,シンソウヒン"
"5301","ふとん","フトン"
"530101","掛ふとん","カケフトン"
"530103","敷ふとん","シキフトン"
"530105","肌ふとん","ハダフトン"
"530107","組ふとん","クミフトン"
"530109","組座ふとん","クミザフトン"
"530111","マットレス","マツトレス"
"530113","まくら","マクラ"
"530197","ふとん一般","フトンイツパン"
"5302","毛布","モウフ"
"530201","純毛毛布","ジユンモウモウフ"
"530203","合繊毛布","ゴウセンモウフ"
"530205","綿毛布","メンモウフ"
"530207","夜着毛布","ヤギモウフ"
"530209","電気毛布","デンキモウフ"
"530211","ひざ掛毛布","ヒザカケモウフ"
"530297","毛布一般","モウフイツパン"
"5303","カバー・シーツ","カバ-,シ-ツ"
"530301","掛カバー","カケカバ-"
"530303","敷カバー","シキカバ-"
"530305","肌カバー","ハダカバ-"
"530307","毛布カバー","モウフカバ-"
"530309","枕カバー","マクラカバ-"
"530311","衿カバー","エリカバ-"
"530313","シーツ","シ-ツ"
"530397","カバー・シーツ一般","カバ-,シ-ツイツパン"
"5304","ベッド用品","ベツドヨウヒン"
"530401","ベッド用ふとん","ベツドヨウフトン"
"530403","ベッドパット","ベツドパツト"
"530405","ベッドスプレッド","ベツドスプレツド"
"530407","ベッド用毛布","ベツドヨウモウフ"
"530409","ベッド用タオルケット","ベツドヨウタオルケツト"
"530411","ベッド用シーツ","ベツドヨウシ-ツ"
"530413","ベッド用枕","ベツドヨウマクラ"
"530415","ベッド","ベツド"
"530497","ベッド用品一般","ベツドヨウヒンイツパン"
"5305","コタツ用品","コタツヨウヒン"
"530501","コタツふとん","コタツフトン"
"530503","コタツ敷ふとん","コタツシキフトン"
"530505","コタツふとんカバー","コタツフトンカバ-"
"530507","コタツ上掛","コタツウワカケ"
"530509","コタツ毛布","コタツモウフ"
"530511","暖卓・天板","コタツ,テ-ブル"
"530513","座いす","ザイス"
"530515","座ぶとん","ザブトン"
"530517","座布団カバー","ザブトンカバ-"
"530597","コタツ用品一般","コタツヨウヒンイツパン"
"5306","ベビー寝具","ベビ-シング"
"530601","ベビー組ふとん","ベビ-クミフトン"
"530603","ベビー掛ふとん","ベビ-カケフトン"
"530605","ベビー敷ふとん","ベビ-シキフトン"
"530607","ベビー肌ふとん","ベビ-ハダフトン"
"530609","ベビー毛布","ベビ-モウフ"
"530611","ベビータオルケット","ベビ-タオルケツト"
"530613","ベビー用カバーシーツ","ベビ-ヨウカバ-シ-ツ"
"530615","ベビー枕","ベビ-マクラ"
"530617","ベビーベッド","ベビ-ベツド"
"530697","ベビー寝具一般","ベビ-シングイツパン"
"5307","寝装品","シンソウヒン"
"530701","パジャマ","パジヤマ"
"530703","ネグリジェ","ネグリジエ"
"530705","ガウン","ガウン"
"530707","ロープ","ロ-プ"
"530709","ねまき","ネマキ"
"530711","ポンチョ","ポンチヨ"
"530713","甚平","ジンベ"
"530797","寝装品一般","シンソウヒンイツパン"
"5308","タオル製品","タオルセイヒン"
"530801","バスタオル","バスタオル"
"530803","フェイスタオル","フエイスタオル"
"530805","ハンドタオル","ハンドタオル"
"530807","スポーツタオル","スポ-ツタオル"
"530809","バスローブ","バスロ-ブ"
"530811","トイレ用品","トイレヨウヒン"
"530813","タオルケット","タオルケツト"
"530897","タオル製品一般","タオルセイヒンイツパン"
"5309","室内用品","シツナイヨウヒン"
"530901","カーテン・ブラインド","カ-テン,ブラインド"
"530903","カーペット・敷物類","カ-ペツト,シキモノルイ"
"530905","マット・ラグ","マツト,ラグ"
"530907","クッション","クツシヨン"
"530909","インテリア雑貨","インテリアザツカ"
"530911","ダイニング・キッチン用品","ダイニング,キツチンヨウ"
"530913","バス用品","バスヨウヒン"
"530915","壁材","カベザイ"
"530997","室内用品一般","シツナイヨウヒンイツパン"
"5397","一般寝具・寝装品","イツパンシング,シンソウ"
"539797","その他一般寝具・寝装品","ソノタイツパンシング,シ"
"54","身の回り品","ミノマワリヒン"
"5401","子供服飾","コドモ フクシヨク"
"540101","ハンカチーフ","ハンカチ-フ"
"540103","マフラー・スカーフ","マフラ- スカ-フ"
"540105","ネクタイ","ネクタイ"
"540107","蝶ネクタイ・アスコット・ループタイ","チヨウネクタイ アスコツト"
"540109","ベルト・サスペンダー","ベルト サスペンダ-"
"540111","手袋","テブクロ"
"540113","帽子","ボウシ"
"540197","子供服飾一般","コドモ フクシヨク イツハ"
"5402","紳士服飾","シンシ フクシヨク"
"540201","ハンカチーフ","ハンカチ-フ"
"540203","マフラー・スカーフ","マフラ- スカ-フ"
"540205","ネクタイ","ネクタイ"
"540207","蝶ネクタイ・アスコット・ループタイ","チヨウネクタイ アスコツト"
"540209","ベルト・サスペンダー","ベルト サスペンダ-"
"540211","手袋","テブクロ"
"540213","帽子","ボウシ"
"540297","紳子服飾一般","シンシ フクシヨク イツパ"
"5403","婦人服飾","フジン フクシヨク"
"540301","ハンカチーフ","ハンカチ-フ"
"540303","マフラー・スカーフ","マフラ- スカ-フ"
"540305","ネクタイ","ネクタイ"
"540307","蝶ネクタイ・アスコット・ループタイ","チヨウネクタイ"
"540309","ベルト・サスペンダー","ベルト サスペンダ-"
"540311","手袋","テブクロ"
"540313","帽子","ボウシ"
"540397","婦人服飾一般","フジン フクシヨク イツハ"
"5404","和装用身の回り品","ワソウヨウミノマワリヒン"
"540401","帯どめ","オビドメ"
"540403","帯あげ","オビアゲ"
"540405","腰ひも・だて巻","コシヒモ,ダテマキ"
"540407","羽織ひも","ハオリヒモ"
"540409","半えり","ハンエリ"
"540411","すそよけ(けだし)","スソヨケ(ケダシ)"
"540497","和装用身の回り品一般","ワソウヨウミノマワリヒンイツ"
"5405","袋物","フクロモノ"
"540501","ハンドバッグ","ハンドバツグ"
"540503","小物入れ","コモノイレ"
"540505","ファッションバッグ","フアツシヨンバツグ"
"540597","袋物一般","フクロモノイツパン"
"5406","かばん","カバン"
"540601","旅行用カバン","リヨコウヨウカバン"
"540603","事務用かばん","ジムヨウカバン"
"540605","学生かばん","ガクセイカバン"
"540607","スポーツ・レジャー用かばん","スポ-ツ,レジヤ-ヨウカ"
"540609","楽器用ケース","ガツキヨウケ-ス"
"540611","光学機器・ラジオ用ケース","コウガクキキ,ラジオヨウ"
"540613","職業用かばん","シヨクギヨウヨウカバン"
"540697","かばん一般","カバンイツパン"
"5407","かさ・つえ","カサ,ツエ"
"540701","和がさ","ワガサ"
"540703","洋傘","ヨウガサ"
"540705","つえ(ステッキ)","ツエ(ステツキ)"
"540797","かさ・つえ一般","カサ,ツエイツパン"
"5408","扇子・うちわ","センス,ウチワ"
"540801","扇子","センス"
"540803","うちわ","ウチワ"
"540805","扇子・うちわの部品","センス,ウチワノブヒン"
"540897","扇子・うちわ一般","センス,ウチワイツパン"
"5409","装身具","ソウシング"
"540901","指輪","ユビワ"
"540903","ネックレス","ネツクレス"
"540905","イヤリング","イヤリング"
"540907","ブレスレット類","ブレスレツトルイ"
"540909","ペンダント","ペンダント"
"540911","ブローチ、ハットピン類","ブロ-チ,ハツトピンルイ"
"540913","カラーボタン類","カラ-ボタンルイ"
"540915","頭・髪飾り","アタマ,カミカザリ"
"540997","装身具一般","ソウシングイツパン"
"5497","一般身の回り品","イツパンミノマワリヒン"
"549701","衛生衣服附属品","エイセイイフクフゾクヒン"
"549703","レギンス","レギンス"
"549705","財布類","サイフ"
"549707","喫煙具","キツエング"
"549797","その他一般身の回り品","ソノタイツパンミノマワリヒ"
"55","靴・履物","クツ,ハキモノ"
"5501","ベビー","ベビ-"
"550101","シューズ","シユ-ズ"
"550104","ブーツ","ブ-ツ"
"550107","サンダル","サンダル"
"550109","その他靴","ソノタ クツ"
"5502","ジュニア，チャイルド(革，合皮)","ジユニア チヤイルド カ"
"550210","チャイルドシューズ","チヤイルド シユ-ズ"
"550211","ジュニアシューズ","ジユニア シユ-ズ"
"550212","パンプス","パンプス"
"550213","シューズ","シユ-ズ"
"550214","ブーツ","ブ-ツ"
"550216","スポーツシューズ","スポ-ツ シユ-ズ"
"550217","サンダル","サンダル"
"550218","ヘップサンダル","ヘツプ サンダル"
"550219","その他靴","ソノタ クツ"
"5503","ジュニア，チャイルド","ジユニア チヤイルド"
"550320","チャイルドシューズ","チヤイルド シユ-ズ"
"550321","ジュニアシューズ","ジユニア シユ-ズ"
"550323","スクールシューズ","スク-ル シユ-ズ"
"550324","ウインターシューズ","ウインタ- シユ-ズ"
"550325","レインシューズ","レイン シユ-ズ"
"550326","スポーツシューズ","スポ-ツ シユ-ズ"
"550327","サンダル","サンダル"
"550329","その他靴","ソノタ クツ"
"5504","メンズ(革)","メンズ カワ"
"550430","レース(革底)","レ-ス"
"550431","レース","レ-ス"
"550432","スリポン(革底)","スリポン"
"550433","スリポン","スリポン"
"550434","ブーツ(革底)","ブ-ツ"
"550435","ブーツ","ブ-ツ"
"550436","スポーツシューズ","スポ-ツ シユ-ズ"
"550437","サンダル","サンダル"
"550439","その他靴","ソノタ クツ"
"5505","メンズ(合皮)","メンズ ゴウヒ"
"550541","レース","レ-ス"
"550543","スリポン","スリポン"
"550544","ブーツ","ブ-ツ"
"550546","スポーツシューズ","スポ-ツ シユ-ズ"
"550547","サンダル","サンダル"
"550548","ヘップサンダル","ヘツプ サンダル"
"550549","その他靴","ソノタ クツ"
"5506","メンズ","メンズ キヤンバス ビ"
"550651","スタンダードカジュアルシューズ","スタンダ-ド カジユア"
"550654","ウインターシューズ","ウインタ- シユ-ズ"
"550655","レインシューズ","レイン シユ-ズ"
"550656","スポーツシューズ","スポ-ツ シユ-ズ"
"550659","その他靴","ソノタ クツ"
"5507","レディス(革)","レデイス カワ"
"550762","パンプス","パンプス"
"550763","シューズ","シユ-ズ"
"550764","ブーツ","ブ-ツ"
"550766","スポーツシューズ","スポ-ツ シユ-ズ"
"550767","サンダル","サンダル"
"550769","その他靴","ソノタ クツ"
"5508","レディス(合皮)","レデイス ゴウヒ"
"550872","パンプス","パンプス"
"550873","シューズ","シユ-ズ"
"550874","ブーツ","ブ-ツ"
"550875","レイン シューズ","レイン シユ-ズ"
"550876","スポーツシューズ","スポ-ツ シユ-ズ"
"550877","サンダル","サンダル"
"550878","ヘップサンダル","ヘツプサンダル"
"550879","その他靴","ソノタ クツ"
"5509","レディス","レデイス キヤンバスビ"
"550981","スタンダードカジュアルシューズ","スタンダ-ド カジユア"
"550984","ウインターシューズ","ウインタ- シユ-ズ"
"550985","レイン シューズ","レイン シユ-ズ"
"550986","スポーツシューズ","スポ-ツ シユ-ズ"
"550989","その他靴","ソノタ クツ"
"5510","その他の靴","ソノタ クツ"
"551090","付属品","フゾクヒン"
"551091","ルームシューズ","ル-ム シユ-ズ"
"551092","スリッパ","スリツパ"
"551093","下駄 草履","ゲタ ゾ-リ"
"551094","安全靴","アンゼン グツ"
"551095","作業靴 地下足袋","サギヨウグツ ジカタヒ"
"551096","スポーツ専用","スポ-ツ センヨウ"
"551097","ビーチサンダル・フィッティング","ビ-チサンダル,フイツテ"
"551099","その他靴","ソノタ クツ"
"56","スポーツ用品","スポ-ツヨウヒン"
"5601","野球","ヤキユウ"
"560101","野球 バッグ・ケース","ヤキユウバツグ,ケース"
"560103","野球 ボール","ヤキユウボール"
"560105","野球 グラブ","ヤキユウグラブ"
"560106","野球 手袋","ヤキユウテブクロ"
"560107","野球 バット","ヤキユウバツト"
"560109","野球 防具","ヤキユウボウグ"
"560145","野球 その他グッズ","ヤキユウソノタグツズ"
"560147","野球 シューズ","ヤキユウシユーズ"
"560148","野球 シューズアクセサリー","ヤキユウシユーズアクセサリ"
"560151","野球 トレーニングウェア","ヤキユウトレーニングウエア"
"560153","野球 ウインドブレーカー","ヤキユウウインドブレーカ"
"560155","野球 スウエット","ヤキユウスウエツト"
"560157","野球 ユニフォーム","ヤキユウユニフオーム"
"560159","野球 トレーナー・Tシャツ","ヤキユウトレーナー,Tシヤツ"
"560172","野球 アンダーウエア","ヤキユウアンダーウエア"
"560188","野球 アクセサリー","ヤキユウアクセサリー"
"560189","野球 その他ウェア","ヤキユウソノタウエア"
"560197","野球 その他","ヤキユウソノタ"
"5602","ソフトボール","ソフトボール"
"560201","ソフトボール バッグ・ケース","ソフトボールバツグ,ケ"
"560203","ソフトボール ボール","ソフトボールボール"
"560205","ソフトボール グラブ","ソフトボールグラブ"
"560206","ソフトボール 手袋","ソフトボールテブクロ"
"560207","ソフトボール バット","ソフトボールバツト"
"560209","ソフトボール 防具","ソフトボールボウグ"
"560245","ソフトボール その他グッズ","ソフトボールソノタグツス"
"560247","ソフトボール シューズ","ソフトボールシユーズ"
"560248","ソフトボール シューズアクセサリー","ソフトボールシユーズアク"
"560251","ソフトボール トレーニングウェア","ソフトボールトレーニング"
"560253","ソフトボール ウインドブレーカー","ソフトボールウインドブ"
"560255","ソフトボール スウエット","ソフトボールスウエツト"
"560257","ソフトボール ユニフォーム","ソフトボールユニフオーム"
"560259","ソフトボール トレーナー・Tシャツ","ソフトボールトレーナー,T"
"560272","ソフトボール アンダーウエア","ソフトボールアンダーウエ"
"560288","ソフトボール アクセサリー","ソフトボールアクセサリー"
"560289","ソフトボール その他ウェア","ソフトボールソノタウエア"
"560297","ソフトボール その他","ソフトボールソノタ"
"5610","バスケットボール","バスケツトボール"
"561001","バスケットボール バッグ・ケース","バスケツトボールバツク"
"561003","バスケットボール ボール","バスケツトボールボール"
"561045","バスケットボール その他グッズ","バスケツトボールソノタク"
"561047","バスケットボール シューズ","バスケツトボールシユース"
"561048","バスケットボール シューズアクセサリー","バスケツトボールシユース"
"561051","バスケットボール トレーニングウェア","バスケツトボールトレーニ"
"561053","バスケットボール ウインドブレーカー","バスケツトボールウイント"
"561055","バスケットボール スウエット","バスケツトボールスウエツ"
"561057","バスケットボール ゲームウェア","バスケツトボールゲーム"
"561059","バスケットボール トレーナー・Tシャツ","バスケツトボールトレーナ"
"561072","バスケットボール アンダーウエア","バスケツトボールアンダ"
"561088","バスケットボール アクセサリー","バスケツトボールアクセサ"
"561089","バスケットボール その他ウェア","バスケツトボールソノタウ"
"561097","バスケットボール その他","バスケツトボールソノタ"
"5611","バレーボール","バレーボール"
"561101","バレーボール バッグ・ケース","バレーボールバツグ,"
"561103","バレーボール ボール","バレーボールボール"
"561145","バレーボール その他グッズ","バレーボールソノタグツ"
"561147","バレーボール シューズ","バレーボールシユーズ"
"561148","バレーボール シューズアクセサリー","バレーボールシユーズア"
"561151","バレーボール トレーニングウェア","バレーボールトレーニンク"
"561153","バレーボール ウインドブレーカー","バレーボールウインドフ"
"561155","バレーボール スウエット","バレーボールスウエツト"
"561157","バレーボール ゲームウェア","バレーボールゲームウエ"
"561159","バレーボール トレーナー・Tシャツ","バレーボールトレーナー,"
"561172","バレーボール アンダーウエア","バレーボールアンダーウ"
"561188","バレーボール アクセサリー","バレーボールアクセサリー"
"561189","バレーボール その他ウェア","バレーボールソノタウエア"
"561197","バレーボール その他","バレーボールソノタ"
"5612","ラグビー","ラグビー"
"561201","ラグビー バッグ・ケース","ラグビーバツグ,ケー"
"561203","ラグビー ボール","ラグビーボール"
"561209","ラグビー 防具","ラグビーボウグ"
"561245","ラグビー その他グッズ","ラグビーソノタグツズ"
"561247","ラグビー シューズ","ラグビーシユーズ"
"561248","ラグビー シューズアクセサリー","ラグビーシユーズアクセ"
"561251","ラグビー トレーニングウェア","ラグビートレーニングウ"
"561253","ラグビー ウインドブレーカー","ラグビーウインドブレ"
"561255","ラグビー スウエット","ラグビースウエツト"
"561257","ラグビー ゲームウェア","ラグビーゲームウエア"
"561259","ラグビー トレーナー・Tシャツ","ラグビートレーナー,Tシ"
"561272","ラグビー アンダーウエア","ラグビーアンダーウエア"
"561288","ラグビー アクセサリー","ラグビーアクセサリー"
"561289","ラグビー その他ウェア","ラグビーソノタウエア"
"561297","ラグビー その他","ラグビーソノタ"
"5613","サッカー","サツカー"
"561301","サッカー バッグ・ケース","サツカーバツグ,ケース"
"561303","サッカー ボール","サツカーボール"
"561305","サッカー キーパーグローブ","サツカーキーパーグローフ"
"561309","サッカー シンガード","サツカーシンガード"
"561345","サッカー その他グッズ","サツカーソノタグツズ"
"561347","サッカー シューズ","サツカーシユーズ"
"561348","サッカー シューズアクセサリー","サツカーシユーズアクセサリ"
"561351","サッカー トレーニングウェア","サツカートレーニングウエア"
"561353","サッカー ウインドブレーカー","サツカーウインドブレーカ"
"561355","サッカー スウエット","サツカースウエツト"
"561357","サッカー ゲームウェア","サツカーゲームウエア"
"561359","サッカー トレーナー・Tシャツ","サツカートレーナー,Tシヤ"
"561372","サッカー アンダーウエア","サツカーアンダーウエア"
"561388","サッカー アクセサリー","サツカーアクセサリー"
"561389","サッカー その他ウェア","サツカーソノタウエア"
"561397","サッカー その他","サツカーソノタ"
"5614","アメリカンフットボール","アメリカンフツトボール"
"561401","アメフト バッグ・ケース","アメフトバツグ,ケース"
"561403","アメフト ボール","アメフトボール"
"561409","アメフト 防具","アメフトボウグ"
"561445","アメフト その他グッズ","アメフトソノタグツズ"
"561447","アメフト シューズ","アメフトシユーズ"
"561448","アメフト シューズアクセサリー","アメフトシユーズアクセサリ"
"561451","アメフト トレーニングウェア","アメフトトレーニングウエア"
"561453","アメフト ウインドブレーカー","アメフトウインドブレーカ"
"561455","アメフト スウエット","アメフトスウエツト"
"561457","アメフト ゲームウェア","アメフトゲームウエア"
"561459","アメフト トレーナー・Tシャツ","アメフトトレーナー,Tシヤ"
"561472","アメフト アンダーウエア","アメフトアンダーウエア"
"561488","アメフト アクセサリー","アメフトアクセサリー"
"561489","アメフト その他ウェア","アメフトソノタウエア"
"561497","アメフト その他","アメフトソノタ"
"5615","ハンドボール","ハンドボール"
"561501","ハンドボール バッグ・ケース","ハンドボールバツグ,"
"561503","ハンドボール ボール","ハンドボールボール"
"561545","ハンドボール その他グッズ","ハンドボールソノタグツ"
"561547","ハンドボール シューズ","ハンドボールシユーズ"
"561548","ハンドボール シューズアクセサリー","ハンドボールシユーズア"
"561551","ハンドボール トレーニングウェア","ハンドボールトレーニンク"
"561553","ハンドボール ウインドブレーカー","ハンドボールウインドフ"
"561555","ハンドボール スウエット","ハンドボールスウエツト"
"561557","ハンドボール ゲームウェア","ハンドボールゲームウエ"
"561559","ハンドボール トレーナー・Tシャツ","ハンドボールトレーナー,"
"561572","ハンドボール アンダーウエア","ハンドボールアンダーウ"
"561588","ハンドボール アクセサリー","ハンドボールアクセサリー"
"561589","ハンドボール その他ウェア","ハンドボールソノタウエア"
"561597","ハンドボール その他","ハンドボールソノタ"
"5616","フットサル","フットサル"
"561601","フットサル バッグ・ケース","フットサルバツグ,ケース"
"561603","フットサル ボール","フットサルボール"
"561605","フットサル キーパーグローブ","フットサルキーパーグロー"
"561609","フットサル シンガード","フットサルシンガード"
"561645","フットサル その他グッズ","フットサルソノタグツズ"
"561647","フットサル シューズ","フットサルシユーズ"
"561648","フットサル シューズアクセサリー","フットサルシユーズアクセサ"
"561651","フットサル トレーニングウェア","フットサルトレーニングウエ"
"561653","フットサル ウインドブレーカー","フットサルウインドブレー"
"561655","フットサル スウエット","フットサルスウエツト"
"561657","フットサル ゲームウェア","フットサルゲームウエア"
"561659","フットサル トレーナー・Tシャツ","フットサルトレーナー,Tシヤ"
"561672","フットサル アンダーウエア","フットサルアンダーウエア"
"561688","フットサル アクセサリー","フットサルアクセサリー"
"561689","フットサル その他ウェア","フットサルソノタウエア"
"561697","フットサル その他","フットサルソノタ"
"5618","球技スポーツその他","キユウギスポーツソノタ"
"561801","球技スポーツその他 バッグ・ケース","キユウギスポーツソノタハ"
"561803","球技スポーツその他 ボール","キユウギスポーツソノタホ"
"561806","球技スポーツその他 手袋","キユウギスポーツテブク"
"561845","球技スポーツその他 その他グッズ","キユウギスポーツソノタソ"
"561847","球技スポーツその他 シューズ","キユウギスポーツソノタシ"
"561848","球技スポーツその他 シューズアクセサリー","キユウギスポーツシユース"
"561851","球技スポーツその他 トレーニングウェア","キユウギスポーツソノタト"
"561853","球技スポーツその他 ウインドブレーカー","キユウギスポーツソノタウ"
"561855","球技スポーツその他 スウエット","キユウギスポーツソノタス"
"561857","球技スポーツその他 ゲームウェア","キユウギスポーツソノタケ"
"561859","球技スポーツその他 トレーナー・Tシャツ","キユウギスポーツソノタト"
"561872","球技スポーツその他 アンダーウエア","キユウギスポーツアンダ"
"561888","球技スポーツその他 アクセサリー","キユウギスポーツソノタア"
"561889","球技スポーツその他 その他ウェア","キユウギスポーツソノタソ"
"561897","球技スポーツその他 その他","キユウギスポーツソノタキ"
"5620","フィールド・トラック(陸上)","フイールド,トラツク"
"562001","陸上 バッグ・ケース","リクジヨウバツグ,ケー"
"562012","陸上 フィールド用品","リクジヨウフイールドヨウ"
"562014","陸上 トラック用品","リクジヨウトラツクヨウヒン"
"562045","陸上 その他グッズ","リクジヨウソノタグツズ"
"562047","陸上 シューズ","リクジヨウシユーズ"
"562048","陸上 シューズアクセサリー","リクジヨウシユーズアクセ"
"562051","陸上 トレーニングウェア","リクジヨウトレーニングウ"
"562053","陸上 ウインドブレーカー","リクジヨウウインドブレ"
"562055","陸上 スウエット","リクジヨウスウエツト"
"562057","陸上 ゲームウェア","リクジヨウゲームウエア"
"562059","陸上 トレーナー・Tシャツ","リクジヨウトレーナー,Tシ"
"562072","陸上 アンダーウエア","リクジヨウアンダーウエア"
"562088","陸上 アクセサリー","リクジヨウアクセサリー"
"562089","陸上 その他ウェア","リクジヨウソノタウエア"
"562097","陸上 その他","リクジヨウソノタ"
"5621","体操(新体操含む)","タイソウ"
"562101","体操(新体操含む) バッグ・ケース","タイソウバツグ,ケース"
"562103","体操(新体操含む) ボール","タイソウボール"
"562109","体操(新体操含む) 防具","タイソウボウグ"
"562116","体操(新体操含む) 競技器具","タイソウキヨウギキグ"
"562145","体操(新体操含む) その他グッズ","タイソウソノタグツズ"
"562147","体操(新体操含む) シューズ","タイソウシユーズ"
"562148","体操(新体操含む) シューズアクセサリー","タイソウシユーズアクセサリ"
"562151","体操(新体操含む) トレーニングウェア","タイソウトレーニングウエア"
"562153","体操(新体操含む) ウインドブレーカー","タイソウウインドブレーカ"
"562155","体操(新体操含む) スウエット","タイソウスウエツ"
"562157","体操(新体操含む) ゲームウェア","タイソウゲームウエア"
"562159","体操(新体操含む) トレーナー・Tシャツ","タイソウトレーナ,Tシヤツ"
"562172","体操(新体操含む) アンダーウエア","タイソウアンダーウエア"
"562188","体操(新体操含む) アクセサリー","タイソウアクセサリー"
"562189","体操(新体操含む) その他ウェア","タイソウソノタウエア"
"562197","体操(新体操含む) その他","タイソウソノタ"
"5622","水泳","スイエイ"
"562201","水泳 バッグ・ケース","スイエイバツグ,ケース"
"562203","水泳 ボール","スイエイボール"
"562205","水泳 手袋","スイエイテブクロ"
"562209","水泳 防具","スイエイボウグ"
"562245","水泳 その他グッズ","スイエイソノタグツズ"
"562247","水泳 シューズ","スイエイシユーズ"
"562248","水泳 シューズアクセサリー","スイエイシユーズアクセサリ"
"562251","水泳 トレーニングウェア","スイエイトレーニングウエア"
"562253","水泳 ウインドブレーカー","スイエイウインドブレーカ"
"562255","水泳 スウエット","スイエイスウエツト"
"562257","水泳 競泳着","スイエイキヨウエイギ"
"562258","水泳 水着(競泳着除く)","スイエイミズギ"
"562259","水泳 トレーナー・Tシャツ","スイエイトレーナー,Tシヤツ"
"562272","水泳 アンダーウエア","スイエイアンダーウエア"
"562288","水泳 アクセサリー","スイエイアクセサリー"
"562289","水泳 その他ウェア","スイエイソノタウエア"
"562297","水泳 その他","スイエイソノタ"
"5630","テニス","テニス"
"563001","テニス バッグ・ケース","テニスバツグ,ケース"
"563003","テニス ボール","テニスボール"
"563006","テニス 手袋","テニステブクロ"
"563007","テニス ラケット","テニスラケツト"
"563011","テニス ガット","テニスガツト"
"563045","テニス その他グッズ","テニスソノタグツズ"
"563047","テニス シューズ","テニスシユーズ"
"563048","テニス シューズアクセサリー","テニスシユーズアクセサリー"
"563051","テニス トレーニングウェア","テニストレーニングウエア"
"563053","テニス ウインドブレーカー","テニスウインドブレーカー"
"563055","テニス スウエット","テニススウエツト"
"563057","テニス ゲームウェア","テニスゲームウエア"
"563059","テニス トレーナー・Tシャツ","テニストレーナー,Tシヤツ"
"563072","テニス アンダーウエア","テニスアンダーウエア"
"563088","テニス アクセサリー","テニスアクセサリー"
"563089","テニス その他ウェア","テニスソノタウエア"
"563097","テニス その他","テニスソノタ"
"5631","卓球","タツキユウ"
"563101","卓球 バッグ・ケース","タツキユウバツグ,ケース"
"563103","卓球 ボール","タツキユウボール"
"563107","卓球 ラケット","タツキユウラケツト"
"563111","卓球 ラバー","タツキユウラバー"
"563145","卓球 その他グッズ","タツキユウソノタグツズ"
"563147","卓球 シューズ","タツキユウシユーズ"
"563148","卓球 シューズアクセサリー","タツキユウシユーズアクセサ"
"563151","卓球 トレーニングウェア","タツキユウトレーニングウエ"
"563153","卓球 ウインドブレーカー","タツキユウウインドブレー"
"563155","卓球 スウエット","タツキユウスウエツト"
"563157","卓球 ゲームウェア","タツキユウゲームウエア"
"563159","卓球 トレーナー・Tシャツ","タツキユウトレーナー,Tシヤ"
"563172","卓球 アンダーウエア","タツキユウアンダーウエア"
"563188","卓球 アクセサリー","タツキユウアクセサリー"
"563189","卓球 その他ウェア","タツキユウソノタウエア"
"563197","卓球 その他","タツキユウソノタ"
"5632","バドミントン","バトミントン"
"563201","バドミントン バッグ・ケース","バドミントンバツグ,"
"563203","バドミントン シャトルコック","バドミントンシヤトルコツ"
"563207","バドミントン ラケット","バドミントンラケツト"
"563211","バドミントン ガット","バドミントンガツト"
"563245","バドミントン その他グッズ","バドミントンソノタグツ"
"563247","バドミントン シューズ","バドミントンシユーズ"
"563248","バドミントン シューズアクセサリー","バドミントンシユーズア"
"563251","バドミントン トレーニングウェア","バドミントントレーニンク"
"563253","バドミントン ウインドブレーカー","バドミントンウインドフ"
"563255","バドミントン スウエット","バドミントンスウエツト"
"563257","バドミントン ゲームウェア","バドミントンゲームウエ"
"563259","バドミントン トレーナー・Tシャツ","バドミントントレーナー,"
"563272","バドミントン アンダーウエア","バドミントンアンダーウ"
"563288","バドミントン アクセサリー","バドミントンアクセサリー"
"563289","バドミントン その他ウェア","バドミントンソノタウエア"
"563297","バドミントン その他","バドミントンソノタ"
"5640","ゴルフ","ゴルフ"
"564001","ゴルフ バッグ・ケース","ゴルフバツグ,ケース"
"564003","ゴルフ ボール","ゴルフボール"
"564006","ゴルフ 手袋","ゴルフテブクロ"
"564013","ゴルフ ウッドクラブ","ゴルフウツドクラブ"
"564015","ゴルフ アイアンクラブ","ゴルフアイアンクラブ"
"564017","ゴルフ パター","ゴルフパター"
"564019","ゴルフ キャディバッグ","ゴルフキヤデイバツグ"
"564045","ゴルフ その他グッズ","ゴルフソノタグツズ"
"564047","ゴルフ シューズ","ゴルフシユーズ"
"564048","ゴルフ シューズアクセサリー","ゴルフシユーズアクセサリ"
"564051","ゴルフ ポロシャツ","ゴルフポロシヤツ"
"564053","ゴルフ ウインドブレーカー","ゴルフウインドブレーカ"
"564055","ゴルフ スウエット","ゴルフスウエツト"
"564057","ゴルフ シャツ・セーター","ゴルフシヤツ,セーター"
"564059","ゴルフ トレーナー・Tシャツ","ゴルフトレーナー,Tシヤツ"
"564060","ゴルフ スラックス","ゴルフスラツクス"
"564061","ゴルフ スカート","ゴルフスカート"
"564072","ゴルフ アンダーウエア","ゴルフアンダーウエア"
"564088","ゴルフ アクセサリー","ゴルフアクセサリー"
"564089","ゴルフ その他ウェア","ゴルフソノタウエア"
"564097","ゴルフ その他","ゴルフソノタ"
"5641","ホッケー","ホツケー"
"564101","ホッケー バッグ・ケース","ホツケーバツグ,ケース"
"564103","ホッケー ボール","ホツケーボール"
"564105","ホッケー グラブ","ホツケーグラブ"
"564107","ホッケー ステイック","ホツケーステイツク"
"564109","ホッケー 防具","ホツケーボウグ"
"564145","ホッケー その他グッズ","ホツケーソノタグツズ"
"564147","ホッケー シューズ","ホツケーシユーズ"
"564148","ホッケー シューズアクセサリー","ホツケーシユーズアクセサリ"
"564151","ホッケー トレーニングウェア","ホツケートレーニングウエア"
"564153","ホッケー ウインドブレーカー","ホツケーウインドブレーカ"
"564155","ホッケー スウエット","ホツケースウエツト"
"564157","ホッケー ゲームウェア","ホツケーゲームウエア"
"564159","ホッケー トレーナー・Tシャツ","ホツケートレーナー,Tシヤ"
"564172","ホッケー アンダーウエア","ホツケーアンダーウエア"
"564188","ホッケー アクセサリー","ホツケーアクセサリー"
"564189","ホッケー その他ウェア","ホツケーソノタウエア"
"564197","ホッケー その他","ホツケーソノタ"
"5642","ゲートボール","ゲートボール"
"564201","ゲートボール バッグ・ケース","ゲートボールバツグ,"
"564203","ゲートボール ボール","ゲートボールボール"
"564207","ゲートボール スティック","ゲートボールステイツク"
"564245","ゲートボール その他グッズ","ゲートボールソノタグツ"
"564247","ゲートボール シューズ","ゲートボールシユーズ"
"564248","ゲートボール シューズアクセサリー","ゲートボールシユーズア"
"564251","ゲートボール トレーニングウェア","ゲートボールトレーニンク"
"564253","ゲートボール ウインドブレーカー","ゲートボールウインドフ"
"564257","ゲートボール ゲームウェア","ゲートボールゲームウエ"
"564259","ゲートボール トレーナー・Tシャツ","ゲートボールトレーナー,"
"564272","ゲートボール アンダーウエア","ゲートボールアンダーウ"
"564288","ゲートボール アクセサリー","ゲートボールアクセサリー"
"564289","ゲートボール その他ウェア","ゲートボールソノタウエア"
"564297","ゲートボール その他","ゲートボールソノタ"
"5643","ラクロス","ラクロス"
"564301","ラクロス バッグ・ケース","ラクロスバツグ,ケース"
"564303","ラクロス ボール","ラクロスボール"
"564307","ラクロス スティック","ラクロスステイツク"
"564309","ラクロス 防具","ラクロスボウグ"
"564345","ラクロス その他グッズ","ラクロスソノタグツズ"
"564347","ラクロス シューズ","ラクロスシユーズ"
"564348","ラクロス シューズアクセサリー","ラクロスシユーズアクセサリ"
"564351","ラクロス トレーニングウェア","ラクロストレーニングウエア"
"564353","ラクロス ウインドブレーカー","ラクロスウインドブレーカ"
"564355","ラクロス スウエット","ラクロススウエツト"
"564357","ラクロス ゲームウェア","ラクロスゲームウエア"
"564359","ラクロス トレーナー・Tシャツ","ラクロストレーナー,Tシヤ"
"564372","ラクロス アンダーウエア","ラクロスアンダーウエア"
"564388","ラクロス アクセサリー","ラクロスアクセサリー"
"564389","ラクロス その他ウェア","ラクロスソノタウエア"
"564397","ラクロス その他","ラクロスソノタ"
"5648","クラブ競技その他","クラブキヨウギソノタ"
"564801","クラブ競技その他 バッグ・ケース","クラブキヨウギソノタバ"
"564803","クラブ競技その他 ボール","クラブキヨウギソノタボ"
"564806","クラブ競技その他 手袋","クラブキヨウギソノタテフ"
"564807","クラブ競技その他 スティック","クラブキヨウギソノタテイ"
"564845","クラブ競技その他 その他グッズ","クラブキヨウギソノタソノ"
"564847","クラブ競技その他 シューズ","クラブキヨウギソノタシユ"
"564848","クラブ競技その他 シューズアクセサリー","クラブキヨウギソノタシユ"
"564851","クラブ競技その他 トレーニングウェア","クラブキヨウギソノタトレ"
"564853","クラブ競技その他 ウインドブレーカー","クラブキヨウギソノタウイ"
"564855","クラブ競技その他 スウエット","クラブキヨウギソノタスウ"
"564859","クラブ競技その他 トレーナー・Tシャツ","クラブキヨウギソノタトレ"
"564872","クラブ競技その他 アンダーウエア","クラブキヨウギソノタアン"
"564888","クラブ競技その他 アクセサリー","クラブキヨウギソノタアク"
"564889","クラブ競技その他 その他ウェア","クラブキヨウギソノタソノ"
"564897","クラブ競技その他 その他","クラブキヨウギソノタソノ"
"5650","スキー","スキー"
"565001","スキー バッグ・ケース","スキーバツグ,ケース"
"565009","スキー 防具","スキーボウグ"
"565021","スキー ポール","スキーポール"
"565023","スキー 締具","スキーシメグ"
"565025","スキー スキー板","スキースキーイタ"
"565027","スキー スキー靴","スキースキークツ"
"565045","スキー その他グッズ","スキーソノタグツズ"
"565047","スキー シューズ","スキーシユーズ"
"565048","スキー シューズアクセサリー","スキーシユーズアクセサリー"
"565051","スキー トレーニングウェア","スキートレーニングウエア"
"565053","スキー ウインドブレーカー","スキーウインドブレーカー"
"565055","スキー スウエット","スキースウエツト"
"565057","スキー セーター","スキーセーター"
"565059","スキー トレーナー・Tシャツ","スキートレーナー,Tシヤツ"
"565063","スキー ジャケット","スキージヤケツト"
"565065","スキー スーツ","スキースーツ"
"565067","スキー スキーパンツ","スキースキーパンツ"
"565072","スキー アンダーウエア","スキーアンダーウエア"
"565088","スキー アクセサリー","スキーアクセサリー"
"565089","スキー その他ウェア","スキーソノタウエア"
"565097","スキー その他","スキーソノタ"
"5651","アイススケート","アイススケート"
"565101","アイススケート バッグ・ケース","アイススケートバツグ,ケ"
"565109","アイススケート 防具","アイススケートボウグ"
"565145","アイススケート その他グッズ","アイススケートソノタグツス"
"565147","アイススケート シューズ","アイススケートシユーズ"
"565148","アイススケート シューズアクセサリー","アイススケートシユーズアク"
"565151","アイススケート トレニングウェア","アイススケートトレニングウ"
"565153","アイススケート ウインドブレーカー","アイススケートウインドブ"
"565155","アイススケート スウエット","アイススケートスウエツト"
"565157","アイススケート コスチューム","アイススケートコスチユーム"
"565159","アイススケート トレーナー・Tシャツ","アイススケートトレーナー,T"
"565172","アイススケート アンダーウエア","アイススケートアンダーウエ"
"565188","アイススケート アクセサリー","アイススケートアクセサリー"
"565189","アイススケート その他ウェア","アイススケートソノタウエア"
"565197","アイススケート その他","アイススケートソノタ"
"5652","アイスホッケー","アイスホツケー"
"565201","アイスホッケー バッグ・ケース","アイスホツケーバツグ,ケ"
"565203","アイスホッケー パック","アイスホツケーパツク"
"565205","アイスホッケー グラブ","アイスホツケーグラブ"
"565209","アイスホッケー 防具","アイスホツケーボウグ"
"565245","アイスホッケー その他グッズ","アイスホツケーソノタグツス"
"565247","アイスホッケー シューズ","アイスホツケーシユーズ"
"565248","アイスホッケー シューズアクセサリー","アイスホツケーシユーズアク"
"565251","アイスホッケー トレーニングウェア","アイスホツケートレーニング"
"565253","アイスホッケー ウインドブレーカー","アイスホツケーウインドブ"
"565257","アイスホッケー ゲームウェア","アイスホツケーゲームウエア"
"565259","アイスホッケー トレーナー・Tシャツ","アイスホツケートレーナー,T"
"565272","アイスホッケー アンダーウエア","アイスホツケーアンダーウエ"
"565288","アイスホッケー アクセサリー","アイスホツケーアクセサリー"
"565289","アイスホッケー その他ウェア","アイスホツケーソノタウエア"
"565297","アイスホッケー その他","アイスホツケーソノタ"
"5653","スノーボード","スノーボード"
"565301","スノーボード バッグ・ケース","スノーボードバツグ,"
"565325","スノーボード スノーボード","スノーボードスノーボー"
"565345","スノーボード その他グッズ","スノーボードソノタグツ"
"565347","スノーボード シューズ","スノーボードシユーズ"
"565348","スノーボード シューズアクセサリー","スノーボードシユーズア"
"565351","スノーボード トレーニングウェア","スノーボードトレーニンク"
"565353","スノーボード ウインドブレーカー","スノーボードウインドフ"
"565355","スノーボード スウエット","スノーボードスウエツト"
"565359","スノーボード トレーナー・Tシャツ","スノーボードトレーナー,"
"565363","スノーボード ジャケット","スノーボードジヤケツト"
"565372","スノーボード アンダーウエア","スノーボードアンダーウ"
"565388","スノーボード アクセサリー","スノーボードアクセサリー"
"565389","スノーボード その他ウェア","スノーボードソノタウエア"
"565397","スノーボード その他","スノーボードソノタ"
"5658","ウインタースポーツ・その他(ウインタSP","ウインタースポーツソノタ"
"565801","ウインターSP他 バッグ・ケース","ウインターSPタバツグ,"
"565845","ウインターSP他 その他グッズ","ウインターSPタソノタグツ"
"565847","ウインターSP他 シューズ","ウインターSPタシユーズ"
"565848","ウインターSP他 シューズアクセサリー","ウインターSPシユーズアク"
"565851","ウインターSP他 トレーニングウェア","ウインターSPタトレーニンク"
"565853","ウインターSP他 ウインドブレーカー","ウインターSPタウインドフ"
"565855","ウインターSP他 スウエット","ウインターSPタスウエツト"
"565859","ウインターSP他 トレーナー・Tシャツ","ウインターSPタトレーナー,"
"565872","ウインターSP他 アンダーウエア","ウインターSPアンダーウエ"
"565888","ウインターSP他 アクセサリー","ウインターSPタアクセサリ"
"565889","ウインターSP他 その他ウェア","ウインターSPタソノタウエ"
"565897","ウインターSP他 その他","ウインターSPタソノタ"
"5660","ダイビング","ダイビング"
"566029","ダイビング マスク","ダイビングマスク"
"566031","ダイビング 足ヒレ","ダイビングアシヒレ"
"566033","ダイビング タンク","ダイビングタンク"
"566034","ダイビング レギュレーター","ダイビングレギユレー"
"566035","ダイビング ウエットスーツ","ダイビングウエツトスー"
"566045","ダイビング その他グッズ","ダイビングソノタグツ"
"566047","ダイビング シューズ","ダイビングシユーズ"
"566048","ダイビング シューズアクセサリー","ダイビングシユーズア"
"566055","ダイビング スウエット","ダイビングスウエツト"
"566058","ダイビング 水着","ダイビングミズギ"
"566059","ダイビング トレーナー・Tシャツ","ダイビングトレーナー,"
"566088","ダイビング アクセサリー","ダイビングアクセサリー"
"566089","ダイビング その他ウェア","ダイビングソノタウエア"
"566097","ダイビング その他","ダイビングソノタ"
"5661","サーフ・ボードセーリング(サーフ&ボード","サーフイン,ボードセーリ"
"566135","サーフ&ボード ウエットスーツ","サーフ&ボードウエツトス"
"566137","サーフ&ボード ボード","サーフ&ボードボード"
"566145","サーフ&ボード その他グッズ","サーフ&ボードソノタグ"
"566147","サーフ&ボード シューズ","サーフ&ボードシユーズ"
"566148","サーフ&ボード シューズアクセサリー","サーフ&ボードシユーズ"
"566155","サーフ&ボード スウエット","サーフ&ボードスウエツト"
"566158","サーフ&ボード 水着","サーフ&ボードミズギ"
"566159","サーフ&ボード トレーナー・Tシャツ","サーフ&ボードトレーナー"
"566172","サーフ&ボード アンダーウエア","サーフ&ボードアンダー"
"566188","サーフ&ボード アクセサリー","サーフ&ボードアクセサリ"
"566189","サーフ&ボード その他ウェア","サーフ&ボードソノタウエ"
"566197","サーフ&ボード その他","サーフ&ボードソノタ"
"5662","ヨット・モーターボート(ヨット・Mボート","ヨツト,モーターボード"
"566235","ヨット・Mボート ウエットスーツ","ヨツト,Mボードウエツト"
"566237","ヨット・Mボート 艇","ヨツト,Mボードテイ"
"566245","ヨット・Mボート その他グッズ","ヨツト,Mボードソノタク"
"566247","ヨット・Mボート シューズ","ヨツト,Mボードシユース"
"566248","ヨット・Mボート シューズアクセサリー","ヨツト,Mボードシユース"
"566251","ヨット・Mボート トレーニングウェア","ヨツト,Mボードトレーニ"
"566253","ヨット・Mボート ウインドブレーカー","ヨツト,Mボードウイント"
"566255","ヨット・Mボート スウエット","ヨツト,Mボードスウエツ"
"566257","ヨット・Mボート ゲームウェア","ヨツト,Mボードゲーム"
"566259","ヨット・Mボート トレーナー・Tシャツ","ヨツト,Mボードトレーナ"
"566272","ヨット・Mボート アンダーウエア","ヨツト,Mボードアンダ"
"566288","ヨット・Mボート アクセサリー","ヨツト,Mボードアクセサ"
"566289","ヨット・Mボート その他ウェア","ヨツト,Mボードソノタウ"
"566297","ヨット・Mボート その他","ヨツト,Mボードソノタ"
"5663","カヌー・カヤック・ボート(カヌー・カヤッ","カヌー,カヤツク,ボート"
"566307","カヌー・カヤック パドル・オール","カヌー,カヤツクパドル,"
"566309","カヌー・カヤック 防具(セーフティギア)","カヌー,カヤツクボウグ("
"566335","カヌー・カヤック ウエットスーツ","カヌー,カヤツクウエツトスー"
"566337","カヌー・カヤック 艇","カヌー,カヤツクテイ"
"566345","カヌー・カヤック その他グッズ","カヌー,カヤツクソノタグツ"
"566347","カヌー・カヤック シューズ","カヌー,カヤツクシユーズ"
"566348","カヌー・カヤック シューズアクセサリー","カヌー,カヤツクシユーズア"
"566351","カヌー・カヤック トレーニングウェア","カヌー,カヤツクトレーニンク"
"566353","カヌー・カヤック ウインドブレーカー","カヌー,カヤツクウインドフ"
"566355","カヌー・カヤック スウエット","カヌー,カヤツクスウエツト"
"566357","カヌー・カヤック ゲームウェア","カヌー,カヤツクゲームウエ"
"566359","カヌー・カヤック トレーナー・Tシャツ","カヌー,カヤツクトレーナー,"
"566372","カヌー・カヤック アンダーウエア","カヌー,カヤツクアンダーウ"
"566388","カヌー・カヤック アクセサリー","カヌー,カヤツクアクセサリ"
"566389","カヌー・カヤック その他ウェア","カヌー,カヤツクソノタウエ"
"566397","カヌー・カヤック その他","カヌー,カヤツクソノタ"
"5668","マリンスポーツその他(マリンSP他)","マリンスポーツソノタ"
"566801","マリンSP他 バッグ・ケース","マリンSPタバツグ,ケー"
"566845","マリンSP他 その他グッズ","マリンSPタソノタグツズ"
"566847","マリンSP他 シューズ","マリンSPタシユーズ"
"566848","マリンSP他 シューズアクセサリー","マリンSPタシユーズアクセ"
"566851","マリンSP他 トレーニングウェア","マリンSPタトレーニングウ"
"566853","マリンSP他 ウインドブレーカー","マリンSPタウインドブレ"
"566855","マリンSP他 スウエット","マリンSPタスウエツト"
"566859","マリンSP他 トレーナー・Tシャツ","マリンSPタトレーナー,Tシ"
"566872","マリンSP他 アンダーウエア","マリンSPタアンダーウエア"
"566888","マリンSP他 アクセサリー","マリンSPタアクセサリー"
"566889","マリンSP他 その他ウェア","マリンSPタソノタウエア"
"566897","マリンSP他 その他","マリンSPタソノタ"
"5670","ボクシング","ボクシング"
"567001","ボクシング バッグ・ケース","ボクシングバツグ,ケ"
"567005","ボクシング グローブ","ボクシンググローブ"
"567009","ボクシング 防具","ボクシングボウグ"
"567045","ボクシング その他グッズ","ボクシングソノタグツス"
"567047","ボクシング シューズ","ボクシングシユーズ"
"567048","ボクシング シューズアクセサリー","ボクシングシユーズアク"
"567051","ボクシング トレーニングウェア","ボクシングトレーニング"
"567053","ボクシング ウインドブレーカー","ボクシングウインドブ"
"567055","ボクシング スウエット","ボクシングスウエツト"
"567057","ボクシング ガウン・パンツ","ボクシングガウン,パ"
"567059","ボクシング トレーナー・Tシャツ","ボクシングトレーナー,T"
"567072","ボクシング アンダーウエア","ボクシングアンダーウエ"
"567088","ボクシング アクセサリー","ボクシングアクセサリー"
"567089","ボクシング その他ウェア","ボクシングソノタウエア"
"567097","ボクシング その他","ボクシングソノタ"
"5671","アーチェリー・弓道","アーチエリー,キユウドウ"
"567101","アーチェリー・弓道 矢筒","アーチエリー,キユウドウヤ"
"567103","アーチェリー・弓道 矢","アーチエリー,キユウドウヤ"
"567107","アーチェリー・弓道 弓","アーチエリー,キユウドウユ"
"567109","アーチェリー・弓道 防具","アーチエリー,キユウドウホ"
"567145","アーチェリー・弓道 その他グッズ","アーチエリー,キユウドウソ"
"567147","アーチェリー・弓道 シューズ","アーチエリー,キユウドウシ"
"567148","アーチェリー・弓道 シューズアクセサリー","アーチエリー,キユウドウシ"
"567151","アーチェリー・弓道 トレーニングウェア","アーチエリー,キユウドウト"
"567153","アーチェリー・弓道 ウインドブレーカー","アーチエリー,キユウドウウ"
"567155","アーチェリー・弓道 スウエット","アーチエリー,キユウドウス"
"567157","アーチェリー・弓道 ゲームウェア","アーチエリー,キユウドウケ"
"567159","アーチェリー・弓道 トレーナー・Tシャツ","アーチエリー,キユウドウト"
"567172","アーチェリー・弓道 アンダーウエア","アーチエリー,キユウドウア"
"567188","アーチェリー・弓道 アクセサリー","アーチエリー,キユウドウア"
"567189","アーチェリー・弓道 その他ウェア","アーチエリー,キユウドウソ"
"567197","アーチェリー・弓道 その他","アーチエリー,キユウドウソ"
"5672","フェンシング","フエンシング"
"567201","フェンシング バッグ・ケース","フエンシングバツグ,ケ"
"567205","フェンシング グラブ","フエンシンググラブ"
"567207","フェンシング 剣","フエンシングケン"
"567209","フェンシング 防具","フエンシングボウグ"
"567245","フェンシング その他グッズ","フエンシングソノタグツス"
"567247","フェンシング シューズ","フエンシングシユーズ"
"567248","フェンシング シューズアクセサリー","フエンシングシユーズアク"
"567251","フェンシング トレーニングウェア","フエンシングトレーニング"
"567253","フェンシング ウインドブレーカー","フエンシングウインドブ"
"567257","フェンシング ユニフォーム","フエンシングユニフオーム"
"567259","フェンシング トレーナー・Tシャツ","フエンシングトレーナー,T"
"567272","フェンシング アンダーウエア","フエンシングアンダーウエ"
"567288","フェンシング アクセサリー","フエンシングアクセサリー"
"567289","フェンシング その他ウェア","フエンシングソノタウエア"
"567297","フェンシング その他","フエンシングソノタ"
"5673","レスリング・すもう","レスリング,スモウ"
"567301","レスリング・すもう バッグ・ケース","レスリング,スモウバツク"
"567345","レスリング・すもう その他グッズ","レスリング,スモウソノタク"
"567347","レスリング・すもう シューズ","レスリング,スモウシユース"
"567348","レスリング・すもう シューズアクセサリー","レスリング,スモウシユース"
"567351","レスリング・すもう トレーニングウェア","レスリング,スモウトレーニ"
"567353","レスリング・すもう ウインドブレーカー","レスリング,スモウウイント"
"567355","レスリング・すもう スウエット","レスリング,スモウスウエツ"
"567357","レスリング・すもう ユニフォーム・まわし","レスリング,スモウユニフオ"
"567359","レスリング・すもう トレーナー・Tシャツ","レスリング,スモウトレーナ"
"567372","レスリング・すもう アンダーウエア","レスリング,スモウアンダ"
"567388","レスリング・すもう アクセサリー","レスリング,スモウアクセサ"
"567389","レスリング・すもう その他ウェア","レスリング,スモウソノタウ"
"567397","レスリング・すもう その他","レスリング,スモウソノタ"
"5674","柔道・空手","ジユウドウ,カラテ"
"567401","柔道・空手 バッグ・ケース","ジユウドウ,カラテバツ"
"567409","柔道・空手 防具","ジユウドウ,カラテボウ"
"567445","柔道・空手 その他グッズ","ジユウドウ,カラテソノタ"
"567451","柔道・空手 トレーニングウェア","ジユウドウ,カラテトレー"
"567453","柔道・空手 ウインドブレーカー","ジユウドウ,カラテウイン"
"567457","柔道・空手 柔道衣・空手衣","ジユウドウ,カラテジユ"
"567472","柔道・空手 アンダーウエア","ジユウドウ,カラテアンタ"
"567488","柔道・空手 アクセサリー","ジユウドウ,カラテアクセ"
"567489","柔道・空手 その他ウェア","ジユウドウ,カラテソノタ"
"567497","柔道・空手 その他","ジユウドウ,カラテソノタ"
"5675","剣道・なぎなた","ケンドウ,ナギナタ"
"567501","剣道・なぎなた バッグ・ケース","ケンドウ,ナギナタバツ"
"567507","剣道・なぎなた 竹刀・なぎなた","ケンドウ,ナギナタシナイ"
"567509","剣道・なぎなた 防具","ケンドウ,ナギナタボウ"
"567545","剣道・なぎなた その他グッズ","ケンドウ,ナギナタソノタ"
"567551","剣道・なぎなた トレーニングウェア","ケンドウ,ナギナタトレー"
"567553","剣道・なぎなた ウインドブレーカー","ケンドウ,ナギナタウイン"
"567557","剣道・なぎなた 剣道衣・なぎなた衣","ケンドウ,ナギナタケント"
"567572","剣道・なぎなた アンダーウエア","ケンドウ,ナギナタアンタ"
"567588","剣道・なぎなた アクセサリー","ケンドウ,ナギナタアクセ"
"567589","剣道・なぎなた その他ウェア","ケンドウ,ナギナタソノタ"
"567597","剣道・なぎなた その他","ケンドウ,ナギナタソノタ"
"5676","射撃","シヤゲキ"
"567601","射撃 バッグ・ケース","シヤゲキバツグ,ケース"
"567603","射撃 弾丸・クレー","シヤゲキダンガン,クレ"
"567606","射撃 手袋","シヤゲキテブクロ"
"567609","射撃 防具","シヤゲキボウグ"
"567639","射撃 銃","シヤゲキジユウ"
"567645","射撃 その他グッズ","シヤゲキソノタグツズ"
"567647","射撃 シューズ","シヤゲキシユーズ"
"567648","射撃 シューズアクセサリー","シヤゲキシユーズアクセサ"
"567651","射撃 トレーニングウェア","シヤゲキトレーニングウエ"
"567653","射撃 ウインドブレーカー","シヤゲキウインドブレー"
"567655","射撃 スウエット","シヤゲキスウエツト"
"567657","射撃 ゲームウェア","シヤゲキゲームウエア"
"567659","射撃 トレーナー・Tシャツ","シヤゲキトレーナー,Tシヤ"
"567672","射撃 アンダーウエア","シヤゲキアンダーウエア"
"567688","射撃 アクセサリー","シヤゲキアクセサリー"
"567689","射撃 その他ウェア","シヤゲキソノタウエア"
"567697","射撃 その他","シヤゲキソノタ"
"5677","乗馬・馬術","ジヨウバ,バジユツ"
"567701","乗馬・馬術 バッグ・ケース","ジヨウバ,バジユツハ"
"567707","乗馬・馬術 ベン","ジヨウバ,バジユツヘ"
"567709","乗馬・馬術 防具","ジヨウバ,バジユツホ"
"567741","乗馬・馬術 引手・鞍","ジヨウバ,バジユツヒ"
"567745","乗馬・馬術 その他グッズ","ジヨウバ,バジユツソ"
"567747","乗馬・馬術 シューズ","ジヨウバ,バジユツシ"
"567748","乗馬・馬術 シューズアクセサリー","ジヨウバ,バジユツシ"
"567751","乗馬・馬術 シャツ","ジヨウバ,バジユツシ"
"567753","乗馬・馬術 ブラウス","ジヨウバ,バジユツフ"
"567757","乗馬・馬術 乗馬服","ジヨウバ,バジユツシ"
"567772","乗馬・馬術 アンダーウエア","ジヨウバ,バジユツア"
"567788","乗馬・馬術 アクセサリー","ジヨウバ,バジユツア"
"567789","乗馬・馬術 その他ウェア","ジヨウバ,バジユツソ"
"567797","乗馬・馬術 その他","ジヨウバ,バジユツソ"
"5678","武道その他","ブドウソノタ"
"567801","武道その他 バッグ・ケース","ブドウソノタバツグ,"
"567807","武道その他 武道刀","ブドウソノタブドウカ"
"567809","武道その他 防具","ブドウソノタボウグ"
"567845","武道その他 その他グッズ","ブドウソノタソノタグツ"
"567847","武道その他 シューズ","ブドウソノタシユーズ"
"567848","武道その他 シューズアクセサリー","ブドウソノタシユーズア"
"567851","武道その他 トレーニングウェア","ブドウソノタトレーニンク"
"567853","武道その他 ウインドブレーカー","ブドウソノタウインドフ"
"567855","武道その他 スウエット","ブドウソノタスウエツト"
"567857","武道その他 武道衣","ブドウソノタブドウキ"
"567859","武道その他 トレーナー・Tシャツ","ブドウソノタトレーナー,"
"567872","武道その他 アンダーウエア","ブドウソノタアンダーウ"
"567888","武道その他 アクセサリー","ブドウソノタアクセサリー"
"567889","武道その他 その他ウェア","ブドウソノタソノタウエア"
"567897","武道その他 その他","ブドウソノタソノタ"
"5680","登山・ハイキング・キャンプ(登山・キャン","トザン,ハイキング,キヤ"
"568001","登山・キャンプ ザック","トザン,キヤンプザツク"
"568009","登山・キャンプ 防具","トザン,キヤンプボウク"
"568042","登山・キャンプ 調理具","トザン,キヤンプチヨウリ"
"568043","登山・キャンプ シュラフ","トザン,キヤンプシユラフ"
"568044","登山・キャンプ テント・シート","トザン,キヤンプテント,"
"568045","登山・キャンプ その他グッズ","トザン,キヤンプソノタク"
"568047","登山・キャンプ シューズ","トザン,キヤンプシユース"
"568048","登山・キャンプ シューズアクセサリー","トザン,キヤンプシユース"
"568051","登山・キャンプ トレーニングウェア","トザン,キヤンプトレーニ"
"568053","登山・キャンプ ウインドブレーカー","トザン,キヤンプウイント"
"568057","登山・キャンプ セーター","トザン,キヤンプセーター"
"568069","登山・キャンプ 防寒着","トザン,キヤンプボウカ"
"568071","登山・キャンプ ニッカーパンツ","トザン,キヤンプニツカー"
"568072","登山・キャンプ アンダーウエア","トザン,キヤンプアンダ"
"568088","登山・キャンプ アクセサリー","トザン,キヤンプアクセサ"
"568089","登山・キャンプ その他ウェア","トザン,キヤンプソノタウ"
"568097","登山・キャンプ その他","トザン,キヤンプソノタ"
"5681","フイッシング","フイツシング"
"568101","釣り竿(カーボンロッド)","ツリサオ(カーボンロツド"
"568102","釣り竿(フェノール、新素材)","ツリサオ(フエノール,シンソ"
"568104","釣用リール","ツリヨウリール"
"568111","釣糸","ツリイト"
"568112","釣針","ツリハリ"
"568113","仕掛・毛針・擬似餌","シカケ,ケハリ,ギジエ"
"568114","ウキ","ウキ"
"568121","釣餌","ツリエサ"
"568131","ルアー","ルアー"
"568132","フライ","フライ"
"568141","フイッシングウェア","フイツシングウエア"
"568142","釣用履物・身の回り品","ツリヨウハキモノ,ミノマワリ"
"568151","釣用バッグ・ケース類","ツリヨウバツグ,ケースル"
"568152","釣用クーラー","ツリヨウクーラー"
"568153","釣用照明器具","ツリヨウシヨウメイキグ"
"568154","仕掛部材","シカケブザイ"
"568155","釣用工具・器具","ツリヨウコウグ,キグ"
"568156","釣用加工・補修部材","ツリヨウカコウ,ホシユウブ"
"568157","フィッシング その他","フイツシングソノタ"
"5682","サイクリング","サイクリング"
"568201","サイクリング バッグ・ケース","サイクリングバツグ,ケ"
"568206","サイクリング 手袋","サイクリングテブクロ"
"568240","サイクリング 自転車","サイクリングジテンシヤ"
"568245","サイクリング その他グッズ","サイクリングソノタグツス"
"568247","サイクリング シューズ","サイクリングシユーズ"
"568248","サイクリング シューズアクセサリー","サイクリングシユーズアク"
"568251","サイクリング トレーニングウェア","サイクリングトレーニング"
"568253","サイクリング ウインドブレーカー","サイクリングウインドブ"
"568255","サイクリング スウエット","サイクリングスウエツト"
"568257","サイクリング ゲームウェア","サイクリングゲームウエア"
"568259","サイクリング トレーナー・Tシャツ","サイクリングトレーナー,T"
"568272","サイクリング アンダーウエア","サイクリングアンダーウエ"
"568288","サイクリング アクセサリー","サイクリングアクセサリー"
"568289","サイクリング その他ウェア","サイクリングソノタウエア"
"568297","サイクリング その他","サイクリングソノタ"
"5683","トライアスロン","トライアスロン"
"568301","トライアスロン バッグ・ケース","トライアスロンバツグ,ケ"
"568306","トライアスロン 手袋","トライアスロンテブクロ"
"568340","トライアスロン 自転車","トライアスロンジテンシヤ"
"568345","トライアスロン その他グッズ","トライアスロンソノタグツス"
"568347","トライアスロン シューズ","トライアスロンシユーズ"
"568348","トライアスロン シューズアクセサリー","トライアスロンシユーズアク"
"568351","トライアスロン トレーニングウェア","トライアスロントレーニング"
"568353","トライアスロン ウインドブレーカー","トライアスロンウインドブ"
"568357","トライアスロン ゲームウェア","トライアスロンゲームウエア"
"568359","トライアスロン トレーナー・Tシャツ","トライアスロンレーナー,Tシ"
"568372","トライアスロン アンダーウエア","トライアスロンアンダーウエ"
"568388","トライアスロン アクセサリー","トライアスロンアクセサリー"
"568389","トライアスロン その他ウェア","トライアスロンソノタウエア"
"568397","トライアスロン その他","トライアスロンソノタ"
"5688","レジャースポーツその他(レジャーSP他)","レジヤースポーツソノタ"
"568801","レジャーSP他 バッグ・ケース","レジヤーSPタバツグ,"
"568845","レジャーSP他 その他グッズ","レジヤーSPタソノタグツ"
"568847","レジャーSP他 シューズ","レジヤーSPタシユーズ"
"568848","レジャーSP他 シューズアクセサリー","レジヤーSPタシユーズア"
"568851","レジャーSP他 トレーニングウェア","レジヤーSPタトレーニンク"
"568853","レジャーSP他 ウインドブレーカー","レジヤーSPタウインドフ"
"568857","レジャーSP他 ゲームウェア","レジヤーSPタゲームウエ"
"568859","レジャーSP他 トレーナー・Tシャツ","レジヤーSPタトレーナー,"
"568872","レジャーSP他 アンダーウエア","レジヤーSPタアンダーウ"
"568888","レジャーSP他 アクセサリー","レジヤーSPタアクセサリー"
"568889","レジャーSP他 その他ウェア","レジヤーSPタソノタウエア"
"568897","レジャーSP他 その他","レジヤーSPタソノタ"
"5690","ジョギング","ジヨギング"
"569001","ジョギング バッグ・ケース","ジヨギングバツグ,"
"569045","ジョギング その他グッズ","ジヨギングソノタク"
"569047","ジョギング シューズ","ジヨギングシユーズ"
"569048","ジョギング シューズアクセサリー","ジヨギングシユーズア"
"569051","ジョギング トレーニングウェア","ジヨギングトレーニンク"
"569053","ジョギング ウインドブレーカー","ジヨギングウインドフ"
"569055","ジョギング スウエット","ジヨギングスウエツト"
"569059","ジョギング トレーナー・Tシャツ","ジヨギングトレーナ,T"
"569072","ジョギング アンダーウエア","ジヨギングアンダーウ"
"569088","ジョギング アクセサリー","ジヨギングアクセサリー"
"569089","ジョギング その他ウェア","ジヨギングソノタウエア"
"569097","ジョギング その他","ジヨギングソノタ"
"5691","トレーニング","トレーニング"
"569101","トレーニング バッグ・ケース","トレーニングバツグ,ケ"
"569145","トレーニング その他グッズ","トレーニングソノタグツス"
"569147","トレーニング シューズ","トレーニングシユーズ"
"569148","トレーニング シューズアクセサリー","トレーニングシユーズアク"
"569151","トレーニング トレーニングウェア","トレーニングトレーニング"
"569153","トレーニング ウインドブレーカー","トレーニングウインドブ"
"569155","トレーニング スウエット","トレーニングスウエツト"
"569157","トレーニング ゲームウェア","トレーニングゲームウエア"
"569159","トレーニング トレーナー・Tシャツ","トレーニングトレーナー,T"
"569172","トレーニング アンダーウエア","トレーニングアンダーウエ"
"569188","トレーニング アクセサリー","トレーニングアクセサリー"
"569189","トレーニング その他ウェア","トレーニングソノタウエア"
"569197","トレーニング その他","トレーニングソノタ"
"5692","フィットネス","フイツトネス"
"569201","フィットネス バッグ・ケース","フイツトネスバツグ,ケー"
"569245","フィットネス その他グッズ","フイツトネスソノタグツズ"
"569247","フィットネス シューズ","フイツトネスシユーズ"
"569248","フィットネス シューズアクセサリー","フイツトネスシユーズアクセ"
"569251","フィットネス トレーニングウェア","フイツトネストレーニングウ"
"569253","フィットネス ウインドブレーカー","フイツトネスウインドブレ"
"569255","フィットネス スウエット","フイツトネススウエツト"
"569257","フィットネス ゲームウェア","フイツトネスゲームウエア"
"569259","フィットネス トレーナー・Tシャツ","フイツトネストレーナー,Tシ"
"569272","フィットネス アンダーウエア","フイツトネスアンダーウエア"
"569288","フィットネス アクセサリー","フイツトネスアクセサリー"
"569289","フィットネス その他ウェア","フイツトネスソノタウエア"
"569297","フィットネス その他","フイツトネスソノタ"
"5693","ウォーキング","ウオーキング"
"569301","ウォーキング バッグ・ケース","ウオーキングバツグ,ケ"
"569345","ウォーキング その他グッズ","ウオーキングソノタグツス"
"569347","ウォーキング シューズ","ウオーキングシユーズ"
"569348","ウォーキング シューズアクセサリー","ウオーキングシユーズアク"
"569351","ウォーキング トレーニングウェア","ウオーキングトレーニング"
"569353","ウォーキング ウインドブレーカー","ウオーキングウインドブ"
"569355","ウォーキング スウエット","ウオーキングスウエツト"
"569359","ウォーキング トレーナー・Tシャツ","ウオーキングトレーナー,T"
"569372","ウォーキング アンダーウエア","ウオーキングアンダーウエ"
"569388","ウォーキング アクセサリー","ウオーキングアクセサリー"
"569389","ウォーキング その他ウェア","ウオーキングソノタウエア"
"569397","ウォーキング その他","ウオーキングソノタ"
"5694","スポーツカジュアル","スポーツカジユアル"
"569401","スポーツカジュアル バッグ・ケース","スポーツカジユアルバツ"
"569445","スポーツカジュアル その他グッズ","スポーツカジユアルソノタ"
"569447","スポーツカジュアル シューズ","スポーツカジユアルシユー"
"569448","スポーツカジュアル シューズアクセサリー","スポーツカジユアルシユー"
"569451","スポーツカジュアル トレーニングウェア","スポーツカジユアルトレー"
"569453","スポーツカジュアル ウインドブレーカー","スポーツカジユアルウイン"
"569455","スポーツカジュアル スウエット","スポーツカジユアルスウエ"
"569459","スポーツカジュアル トレーナー・Tシャツ","スポーツカジユアルトレー"
"569472","スポーツカジュアル アンダーウエア","スポーツカジユアルアンタ"
"569488","スポーツカジュアル アクセサリー","スポーツカジユアルアクセ"
"569489","スポーツカジュアル その他ウェア","スポーツカジユアルソノタ"
"569497","スポーツカジュアル その他","スポーツカジユアルソノタ"
"5695","スクール(学校体育)","スクール(ガツコウタイイク"
"569501","スクール(学校体育) バッグ・ケース","スクールバツグ,ケース"
"569545","スクール(学校体育) その他グッズ","スクールソノタグツズ"
"569547","スクール(学校体育) シューズ","スクールシユーズ"
"569548","スクール(学校体育) シューズアクセサリ","スクールシユーズアクセサリ"
"569551","スクール(学校体育) トレーニングウェア","スクールトレーニングウエア"
"569553","スクール(学校体育) ウインドブレーカー","スクールウインドブレーカ"
"569555","スクール(学校体育) スウエット","スクールスウエツト"
"569559","スクール(学校体育) トレーナー・Tシャ","スクールトレーナー,Tシヤツ"
"569572","スクール(学校体育) アンダーウエア","スクールアンダーウエア"
"569588","スクール(学校体育) アクセサリー","スクールアクセサリー"
"569589","スクール(学校体育) その他ウェア","スクールソノタウエア"
"569597","スクール(学校体育) その他","スクールソノタ"
"5696","キッズ・インファント","キツズ,インフアント"
"569601","キッズ・インファント バッグ・ケース","キツズ,インフアントバツ"
"569645","キッズ・インファント その他グッズ","キツズ,インフアントソノタ"
"569647","キッズ・インファント シューズ","キツズ,インフアントシユー"
"569648","キッズ・インファント シューズアクセサリ","キツズ,インフアントシユー"
"569651","キッズ・インファント トレーニングウェア","キツズ,インフアントトレー"
"569653","キッズ・インファント ウインドブレーカー","キツズ,インフアントウイン"
"569655","キッズ・インファント スウエット","キツズ,インフアントスウエ"
"569659","キッズ・インファント トレーナー・Tシャ","キツズ,インフアントトレー"
"569672","キッズ・インファント アンダーウエア","キツズ,インフアントアンタ"
"569688","キッズ・インファント アクセサリー","キツズ,インフアントアクセ"
"569689","キッズ・インファント その他ウェア","キツズ,インフアントソノタ"
"569697","キッズ・インファント その他","キツズ,インフアントソノタ"
"5698","その他スポーツ","ソノタスポーツ"
"569801","その他スポーツ バッグ・ケース","ソノタスポーツバツグ,"
"569845","その他スポーツ その他グッズ","ソノタスポーツソノタグツ"
"569847","その他スポーツ シューズ","ソノタスポーツシユーズ"
"569848","その他スポーツ シューズアクセサリー","ソノタスポーツシユーズア"
"569851","その他スポーツ トレーニングウェア","ソノタスポーツトレーニンク"
"569853","その他スポーツ ウインドブレーカー","ソノタスポーツウインドフ"
"569855","その他スポーツ スウエット","ソノタスポーツスウエツト"
"569859","その他スポーツ トレーナー・Tシャツ","ソノタスポーツトレーナー,"
"569872","その他スポーツ アンダーウエア","ソノタスポーツアンダーウ"
"569888","その他スポーツ アクセサリー","ソノタスポーツアクセサリー"
"569889","その他スポーツ その他ウェア","ソノタスポーツソノタウエア"
"569897","その他スポーツ その他","ソノタスポーツソノタ"
"59","その他衣料・身の回り品","ソノタイリヨウ,ミノマワリヒ"
"9","その他商品","ソノタシヨウヒン"
"99","その他商品","ソノタシヨウヒン"
"9901","その他輸入商品","ソノタユニユウシヨウヒン"
"990199","その他輸入商品不明","ソノタユニユウシヨウヒンフメ"
